half_window,full_window_frames,nominal_window_duration_ms,sample_index,file_name,frames,values,replaced_values,frames_with_any_replacement,frames_with_at_least_1pct_channels_replaced,absolute_change_sum,raw_total_variation,filtered_total_variation,raw_dynamic_peak_sum,filtered_dynamic_peak_sum,waveform_correlation,normalized_mae,replacement_run_count,replacement_rate,total_variation_retention,dynamic_peak_retention
1,3,15.0,1,/home/test/bupt_hjk/sdp_dataset/xrf55/wifi/01_01_01.npy,1000,270000,26432,998,998,22906.68904718959,182653.30049665805,142693.95674132372,1647.9074550330538,1628.5605590290854,0.9972880316131505,0.019300678675617713,23284,0.0978962962962963,0.7812284604401909,0.988259719352031
1,3,15.0,2,/home/test/bupt_hjk/sdp_dataset/xrf55/wifi/01_01_02.npy,1000,270000,27251,998,998,24326.4101879687,188559.41739177622,146011.993760349,1588.4336599956305,1567.951649523417,0.9971192133240688,0.020122409636538496,24003,0.10092962962962963,0.7743553505841343,0.987105529813395
1,3,15.0,3,/home/test/bupt_hjk/sdp_dataset/xrf55/wifi/01_01_03.npy,1000,270000,26223,998,998,22687.683997998498,182526.19356765493,142286.38448045735,1617.6252862518363,1600.4559493073339,0.9972635994354182,0.018758311839536076,23336,0.09712222222222222,0.7795395373087515,0.9893860852136621
1,3,15.0,4,/home/test/bupt_hjk/sdp_dataset/xrf55/wifi/01_01_04.npy,1000,270000,25856,998,998,21698.868475218333,180427.84867812475,141815.29156185975,1703.9880174076184,1686.3538871950796,0.9975261205161993,0.018148884573749816,23044,0.09576296296296297,0.7859944714790227,0.9896512592621591
1,3,15.0,5,/home/test/bupt_hjk/sdp_dataset/xrf55/wifi/01_01_05.npy,1000,270000,26456,998,998,22056.319159801926,177238.14600795193,138155.1102103902,1564.4998854664696,1538.6238420470959,0.9975356808739417,0.01828768075064505,23493,0.09798518518518519,0.7794885769353047,0.9834605015572382
1,3,15.0,6,/home/test/bupt_hjk/sdp_dataset/xrf55/wifi/01_01_06.npy,1000,270000,27088,998,998,24030.841806274737,185142.61518412142,142596.51057038925,1444.0023514174734,1426.2016056390416,0.997104526864466,0.019700038256330113,24076,0.10032592592592593,0.7701982087083477,0.9876726338007982
1,3,15.0,7,/home/test/bupt_hjk/sdp_dataset/xrf55/wifi/01_01_07.npy,1000,270000,27877,998,998,24426.560374358218,184121.80661950065,140957.33174615266,1475.2432330106344,1457.7774572203775,0.9972039172611176,0.020013032290716076,24680,0.10324814814814814,0.7655656564214031,0.9881607484112208
1,3,15.0,8,/home/test/bupt_hjk/sdp_dataset/xrf55/wifi/01_01_08.npy,1000,270000,25783,998,998,22158.277238223913,186673.95447394514,147142.3569910404,1530.0137443173405,1499.5755610671395,0.9974239718242199,0.01866634587728786,23027,0.09549259259259259,0.7882318527278945,0.9801059412941536
1,3,15.0,9,/home/test/bupt_hjk/sdp_dataset/xrf55/wifi/01_01_09.npy,1000,270000,26252,998,998,22443.305916992824,183196.47781954164,143491.0952710161,1686.3084039325906,1645.1240346289935,0.9975190425995125,0.01803965740552702,23343,0.09722962962962962,0.783263395556996,0.9755772021253335
1,3,15.0,10,/home/test/bupt_hjk/sdp_dataset/xrf55/wifi/01_01_10.npy,1000,270000,26550,998,998,23501.790684227402,185293.86044866298,143907.86328034248,1521.7215977210972,1502.108323245032,0.9971330321888174,0.019452292463405615,23544,0.09833333333333333,0.7766466893824213,0.9871111282737672
1,3,15.0,11,/home/test/bupt_hjk/sdp_dataset/xrf55/wifi/01_01_11.npy,1000,270000,28010,998,998,24439.963261631277,185275.02464748741,142552.86589527113,1625.5695026751205,1592.378151617591,0.9974368095175622,0.01902612935585969,24595,0.10374074074074074,0.7694122085073183,0.979581709054637
1,3,15.0,12,/home/test/bupt_hjk/sdp_dataset/xrf55/wifi/01_01_12.npy,1000,270000,26792,998,998,22863.96828372008,178958.59774310322,138830.61442011542,1462.4291027953996,1443.3274988642702,0.9972787176025847,0.019574799962047917,23657,0.09922962962962963,0.7757694582487068,0.9869384410535751
1,3,15.0,13,/home/test/bupt_hjk/sdp_dataset/xrf55/wifi/01_01_13.npy,1000,270000,26048,998,998,23097.95883059476,187043.52179781935,146545.0736394251,1598.7200993537626,1577.0637292319495,0.9973795805069682,0.018994859859844216,22936,0.09647407407407407,0.783481150434228,0.9864539326611537
1,3,15.0,14,/home/test/bupt_hjk/sdp_dataset/xrf55/wifi/01_01_14.npy,1000,270000,26180,998,998,22665.637429183444,188144.32712057483,148400.07641809393,1543.3187931557575,1525.6437029191693,0.9972951826876908,0.0187501616331881,23100,0.09696296296296296,0.7887565821901701,0.9885473498314328
1,3,15.0,15,/home/test/bupt_hjk/sdp_dataset/xrf55/wifi/01_01_15.npy,1000,270000,27032,998,998,23383.70523670023,181647.3476933292,140748.31386840623,1563.991395191593,1545.8564074336937,0.9973300488536404,0.01910301714282602,23881,0.10011851851851852,0.7748437599321746,0.9884046754901246
1,3,15.0,16,/home/test/bupt_hjk/sdp_dataset/xrf55/wifi/01_01_16.npy,1000,270000,24330,998,998,21308.300443499327,191438.05417539156,153490.2495113023,1664.7093030566684,1650.8086381158569,0.9977166030538684,0.016815992640613123,21690,0.09011111111111111,0.8017750189347294,0.9916497944023693
1,3,15.0,17,/home/test/bupt_hjk/sdp_dataset/xrf55/wifi/01_01_17.npy,1000,270000,26121,998,998,22953.728943631784,186172.28504575358,145942.8774427065,1707.7279699529035,1686.1546377942486,0.9973358999348709,0.018866377001262966,23081,0.09674444444444444,0.7839130158758038,0.9873672314688094
1,3,15.0,18,/home/test/bupt_hjk/sdp_dataset/xrf55/wifi/01_01_18.npy,1000,270000,26852,998,998,23184.152405345085,185103.17462064244,144102.0369200952,1495.4337497887764,1478.6422342480396,0.9973686516809934,0.01929406610366125,23850,0.09945185185185185,0.778495761703836,0.9887714748024722
1,3,15.0,19,/home/test/bupt_hjk/sdp_dataset/xrf55/wifi/01_01_19.npy,1000,270000,25457,998,998,22439.892481497285,187094.54114981001,147402.9228207603,1594.4619930692852,1578.3487201696419,0.9974781847414138,0.01851108904721043,22627,0.09428518518518518,0.787852611385022,0.989894225782939
1,3,15.0,20,/home/test/bupt_hjk/sdp_dataset/xrf55/wifi/01_01_20.npy,1000,270000,23517,998,997,21130.771074801196,194666.90400633932,157077.5026942239,1619.7234014666583,1599.2483378347692,0.997474556989229,0.01736248011487173,21017,0.0871,0.8069039958076729,0.9873589134951382
1,3,15.0,21,/home/test/bupt_hjk/sdp_dataset/xrf55/wifi/01_02_01.npy,1000,270000,29069,998,998,23702.81320098592,172745.18139386753,130884.75613351111,1168.153343757705,1110.443729509546,0.9977932269458264,0.01766071072828242,25676,0.10766296296296296,0.7576752941958329,0.9505975696114355
1,3,15.0,22,/home/test/bupt_hjk/sdp_dataset/xrf55/wifi/01_02_02.npy,1000,270000,29545,998,998,24017.14830999332,173595.04139783003,131275.62685355073,1187.4577767545757,1170.2060414013004,0.9978033800407997,0.018186202965857,25985,0.10942592592592593,0.7562176073491906,0.9854717062863273
1,3,15.0,23,/home/test/bupt_hjk/sdp_dataset/xrf55/wifi/01_02_03.npy,1000,270000,30027,998,998,24176.808326045673,173067.82155808914,130645.09905604608,1100.52811486348,1085.8709920470997,0.9979410078271149,0.01750292764288759,26363,0.11121111111111111,0.7548780465362006,0.9866817370511262
1,3,15.0,24,/home/test/bupt_hjk/sdp_dataset/xrf55/wifi/01_02_04.npy,1000,270000,30051,998,998,23775.08438283745,168811.1605070987,127086.12763937276,1103.265760238938,1083.1180553040806,0.9979335229750796,0.017585092564724684,26447,0.1113,0.7528301283968049,0.9817381218007764
1,3,15.0,25,/home/test/bupt_hjk/sdp_dataset/xrf55/wifi/01_02_05.npy,1000,270000,29806,998,998,23367.27413652908,168789.9882174528,127376.17575119743,1158.3055590818303,1138.6659317728609,0.9980086755433363,0.017123669054947888,26317,0.1103925925925926,0.7546429565899264,0.9830445195095693
1,3,15.0,26,/home/test/bupt_hjk/sdp_dataset/xrf55/wifi/01_02_06.npy,1000,270000,30800,998,998,25499.98797474206,174391.2452172639,129738.62180376695,1000.3509416305885,972.5186669115196,0.9976129722602873,0.019259709199184336,27006,0.11407407407407408,0.7439514617957635,0.9721774893581828
1,3,15.0,27,/home/test/bupt_hjk/sdp_dataset/xrf55/wifi/01_02_07.npy,1000,270000,28999,998,998,23687.37954649844,173927.1379518293,132170.19516277278,1167.8555753713856,1151.72807168302,0.9978867768827436,0.018055959384166695,25631,0.10740370370370371,0.7599170360601145,0.9861904981844721
1,3,15.0,28,/home/test/bupt_hjk/sdp_dataset/xrf55/wifi/01_02_08.npy,1000,270000,30149,998,998,24389.13519879808,171808.1611936577,128845.74121750187,1125.2497177465789,1106.4066654906544,0.9978307304051316,0.01800047384237062,26588,0.11166296296296296,0.7499395856537356,0.9832543372739879
1,3,15.0,29,/home/test/bupt_hjk/sdp_dataset/xrf55/wifi/01_02_09.npy,1000,270000,30005,998,998,24066.889395370654,170159.80270982403,127920.5402821658,1085.2205561206733,1059.403171499704,0.9978171656452925,0.018667461220684935,26355,0.11112962962962963,0.7517670933146917,0.9762100114346725
1,3,15.0,30,/home/test/bupt_hjk/sdp_dataset/xrf55/wifi/01_02_10.npy,1000,270000,29584,998,998,23557.388330114703,169568.4043185268,127796.83007126956,1038.6828958505512,1026.1001275780127,0.9978424969338733,0.01834367994206559,26225,0.10957037037037037,0.7536594484383354,0.9878858424233175
2,5,25.0,1,/home/test/bupt_hjk/sdp_dataset/xrf55/wifi/01_01_01.npy,1000,270000,15133,1000,995,15175.695399910492,182653.30049665805,157717.95831207227,1647.9074550330538,1631.4700335618857,0.9980739902957256,0.013284636407667635,14629,0.056048148148148146,0.8634826629642971,0.9900252763460928
2,5,25.0,2,/home/test/bupt_hjk/sdp_dataset/xrf55/wifi/01_01_02.npy,1000,270000,15859,1000,998,16429.346792984852,188559.41739177622,161782.9664052371,1588.4336599956305,1565.2496873732975,0.9979173606670353,0.013614025798251347,15278,0.05873703703703704,0.8579946238860889,0.9854045068382669
2,5,25.0,3,/home/test/bupt_hjk/sdp_dataset/xrf55/wifi/01_01_03.npy,1000,270000,15436,999,993,15866.089376506421,182526.19356765493,156467.85101833014,1617.6252862518363,1599.47642970896,0.9979357960699812,0.013431498102186626,14910,0.05717037037037037,0.8572350519123381,0.988780555857328
2,5,25.0,4,/home/test/bupt_hjk/sdp_dataset/xrf55/wifi/01_01_04.npy,1000,270000,15298,1000,998,15588.95122705155,180427.84867812475,155007.64057149237,1703.9880174076184,1680.0842038171954,0.9980058807841139,0.013280777703470859,14799,0.056659259259259256,0.8591115047213089,0.9859718417346682
2,5,25.0,5,/home/test/bupt_hjk/sdp_dataset/xrf55/wifi/01_01_05.npy,1000,270000,15642,1000,998,15391.65770257625,177238.14600795193,151796.3980750102,1564.4998854664696,1533.6743661502846,0.9981249814845079,0.012678306922792835,15128,0.05793333333333334,0.8564544455808047,0.9802968861790654
2,5,25.0,6,/home/test/bupt_hjk/sdp_dataset/xrf55/wifi/01_01_06.npy,1000,270000,16416,1000,995,17160.24558408369,185142.61518412142,156686.84915104246,1444.0023514174734,1427.7241328134155,0.997777986030718,0.014145709222071914,15867,0.0608,0.8463035319838161,0.9887270137835449
2,5,25.0,7,/home/test/bupt_hjk/sdp_dataset/xrf55/wifi/01_01_07.npy,1000,270000,16791,1000,999,17309.183575061612,184121.80661950065,155495.85355536334,1475.2432330106344,1450.3154818014882,0.9978460553164294,0.014300045702615801,16204,0.06218888888888889,0.8445270900296201,0.9831026161304436
2,5,25.0,8,/home/test/bupt_hjk/sdp_dataset/xrf55/wifi/01_01_08.npy,1000,270000,15540,1000,998,15976.253095561427,186673.95447394514,160904.9243070066,1530.0137443173405,1511.3722785245595,0.9979454578481455,0.013753026405133914,15003,0.057555555555555554,0.861957013555765,0.9878161448797321
2,5,25.0,9,/home/test/bupt_hjk/sdp_dataset/xrf55/wifi/01_01_09.npy,1000,270000,15320,1000,996,15291.895355944782,183196.47781954164,157899.4149638635,1686.3084039325906,1652.9627159446322,0.9981622164902028,0.012294198959238613,14833,0.05674074074074074,0.8619129409212927,0.9802256290070109
2,5,25.0,10,/home/test/bupt_hjk/sdp_dataset/xrf55/wifi/01_01_10.npy,1000,270000,15922,1000,994,16295.942836013184,185293.86044866298,158404.57440100936,1521.7215977210972,1500.7483245740893,0.9979168891814483,0.013655215172592062,15401,0.05897037037037037,0.85488301672519,0.986217404564398
2,5,25.0,11,/home/test/bupt_hjk/sdp_dataset/xrf55/wifi/01_01_11.npy,1000,270000,16735,1000,1000,17130.9945242484,185275.02464748741,157061.48258221903,1625.5695026751205,1596.8615598744527,0.9980529059934458,0.013633934721613372,16122,0.061981481481481485,0.8477207485523279,0.9823397629240556
2,5,25.0,12,/home/test/bupt_hjk/sdp_dataset/xrf55/wifi/01_01_12.npy,1000,270000,15423,1000,995,15451.770676530301,178958.59774310322,153317.24398387154,1462.4291027953996,1438.3293820408744,0.998016326502531,0.013688766617522878,14876,0.05712222222222222,0.8567190731118709,0.9835207595989036
2,5,25.0,13,/home/test/bupt_hjk/sdp_dataset/xrf55/wifi/01_01_13.npy,1000,270000,14956,1000,994,15581.961406395287,187043.52179781935,161570.20418009115,1598.7200993537626,1573.619339695236,0.9980661703379226,0.013038203440222784,14503,0.05539259259259259,0.8638107464354577,0.9842994657609716
2,5,25.0,14,/home/test/bupt_hjk/sdp_dataset/xrf55/wifi/01_01_14.npy,1000,270000,15073,1000,994,15093.23203839128,188144.32712057483,163458.02284434484,1543.3187931557575,1524.899955849782,0.9980731883901826,0.01255898664835035,14545,0.055825925925925925,0.868790599992901,0.9880654357429854
2,5,25.0,15,/home/test/bupt_hjk/sdp_dataset/xrf55/wifi/01_01_15.npy,1000,270000,15444,1000,997,15507.357778578551,181647.3476933292,156151.42894733572,1563.991395191593,1543.1162349320734,0.9981202488618968,0.012709650763248672,14922,0.0572,0.8596405669019862,0.9866526373970477
2,5,25.0,16,/home/test/bupt_hjk/sdp_dataset/xrf55/wifi/01_01_16.npy,1000,270000,13796,1000,996,14549.337803321603,191438.05417539156,167903.0973157528,1664.7093030566684,1650.0884532325451,0.9982789299805227,0.011616722921516895,13361,0.0510962962962963,0.8770622854425979,0.9912171753967632
2,5,25.0,17,/home/test/bupt_hjk/sdp_dataset/xrf55/wifi/01_01_17.npy,1000,270000,14423,1000,996,14947.242005358326,186172.28504575358,161681.1393090777,1707.7279699529035,1691.0679522102348,0.9981079913283712,0.012295189324992305,13931,0.05341851851851852,0.8684490243504454,0.9902443374847762
2,5,25.0,18,/home/test/bupt_hjk/sdp_dataset/xrf55/wifi/01_01_18.npy,1000,270000,15938,1000,998,16375.651821360181,185103.17462064244,158467.7820258917,1495.4337497887764,1477.1332790933088,0.9979341365959596,0.013805325619279132,15380,0.059029629629629626,0.8561051551420534,0.9877624330077796
2,5,25.0,19,/home/test/bupt_hjk/sdp_dataset/xrf55/wifi/01_01_19.npy,1000,270000,14705,1000,994,15335.04524915065,187094.54114981001,161833.44207608345,1594.4619930692852,1573.6425093983796,0.9981223501137683,0.012788076824797098,14248,0.05446296296296296,0.8649821693434682,0.9869426278196642
2,5,25.0,20,/home/test/bupt_hjk/sdp_dataset/xrf55/wifi/01_01_20.npy,1000,270000,13331,1000,986,14500.261332111379,194666.90400633932,170913.63619164174,1619.7234014666583,1598.6968293964953,0.9980708669725565,0.012222090321464875,12894,0.04937407407407408,0.8779799373912883,0.9870184180514257
2,5,25.0,21,/home/test/bupt_hjk/sdp_dataset/xrf55/wifi/01_02_01.npy,1000,270000,17830,1000,999,16682.973642525896,172745.18139386753,145041.10604523955,1168.153343757705,1122.7428357116335,0.9983687740009388,0.012485153355484443,17175,0.06603703703703703,0.8396246128251686,0.9611262440083462
2,5,25.0,22,/home/test/bupt_hjk/sdp_dataset/xrf55/wifi/01_02_02.npy,1000,270000,17944,1000,1000,16568.391355372285,173595.04139783003,146173.24641264215,1187.4577767545757,1168.327554296834,0.9983963449126191,0.012429820304541872,17320,0.06645925925925926,0.8420358394780125,0.9838897661607588
2,5,25.0,23,/home/test/bupt_hjk/sdp_dataset/xrf55/wifi/01_02_03.npy,1000,270000,18617,1000,1000,17259.45329976281,173067.82155808914,144633.2083846966,1100.52811486348,1075.471783654472,0.9984013702676022,0.012518142117499565,17860,0.06895185185185185,0.8357024840469917,0.9772324478851535
2,5,25.0,24,/home/test/bupt_hjk/sdp_dataset/xrf55/wifi/01_02_04.npy,1000,270000,18309,1000,1000,16418.552767247882,168811.1605070987,141670.2142027368,1103.265760238938,1081.4900125069273,0.9984936153910331,0.012289100646044153,17590,0.06781111111111111,0.8392230334603937,0.9802624639349865
2,5,25.0,25,/home/test/bupt_hjk/sdp_dataset/xrf55/wifi/01_02_05.npy,1000,270000,19140,1000,998,17322.054057359746,168789.9882174528,140216.67085026007,1158.3055590818303,1139.1116831453216,0.9984080742490927,0.012865157056683287,18354,0.07088888888888889,0.8307167524036934,0.9834293500656913
2,5,25.0,26,/home/test/bupt_hjk/sdp_dataset/xrf55/wifi/01_02_06.npy,1000,270000,18928,1000,999,17560.022111070186,174391.2452172639,145281.92675819847,1000.3509416305885,976.9379194625999,0.998279455608797,0.013548904285315353,18157,0.07010370370370371,0.8330803910322457,0.9765951915536512
2,5,25.0,27,/home/test/bupt_hjk/sdp_dataset/xrf55/wifi/01_02_07.npy,1000,270000,18317,998,998,17173.329665541423,173927.1379518293,145598.38074685814,1167.8555753713856,1147.784206648003,0.9983688194730801,0.0132832484071346,17598,0.06784074074074074,0.837122846160919,0.9828134838359617
2,5,25.0,28,/home/test/bupt_hjk/sdp_dataset/xrf55/wifi/01_02_08.npy,1000,270000,18607,1000,1000,17155.55942453414,171808.1611936577,143869.57231790776,1125.2497177465789,1103.907330510464,0.9983864591810427,0.012626084764487936,17922,0.06891481481481482,0.837384972392212,0.9810331992094562
2,5,25.0,29,/home/test/bupt_hjk/sdp_dataset/xrf55/wifi/01_02_09.npy,1000,270000,18311,1000,999,16637.81725564394,170159.80270982403,142282.95828101883,1085.2205561206733,1058.225165769637,0.9984054266429719,0.01318923518096509,17692,0.06781851851851851,0.8361725625861004,0.9751245125253281
2,5,25.0,30,/home/test/bupt_hjk/sdp_dataset/xrf55/wifi/01_02_10.npy,1000,270000,18918,1000,999,17469.859978636938,169568.4043185268,140858.361659816,1038.6828958505512,1021.7557232022551,0.9982802744613606,0.01378199937759806,18206,0.07006666666666667,0.8306875459842139,0.9837032334739325
5,11,55.0,1,/home/test/bupt_hjk/sdp_dataset/xrf55/wifi/01_01_01.npy,1000,270000,5031,947,697,7018.407517351889,182653.30049665805,172766.97394627822,1647.9074550330538,1632.741130286879,0.9988838401949662,0.0064329788670208195,4674,0.01863333333333333,0.9458738138128485,0.9907966162178261
5,11,55.0,2,/home/test/bupt_hjk/sdp_dataset/xrf55/wifi/01_01_02.npy,1000,270000,5466,953,707,7645.488568834182,188559.41739177622,178140.6115220014,1588.4336599956305,1573.3019260801939,0.9988360251160585,0.006547116733695594,5032,0.020244444444444443,0.944745237263184,0.9904738017730761
5,11,55.0,3,/home/test/bupt_hjk/sdp_dataset/xrf55/wifi/01_01_03.npy,1000,270000,5469,943,707,7577.489522500691,182526.19356765493,171906.40594641858,1617.6252862518363,1597.593184508004,0.998815508823867,0.0065421318671873155,5033,0.020255555555555554,0.941817733588467,0.9876163522454274
5,11,55.0,4,/home/test/bupt_hjk/sdp_dataset/xrf55/wifi/01_01_04.npy,1000,270000,5153,945,669,7187.617493432884,180427.84867812475,170630.00172660727,1703.9880174076184,1683.270327716266,0.9988740260238328,0.006538439524807777,4774,0.019085185185185184,0.9456965927194732,0.9878416459037831
5,11,55.0,5,/home/test/bupt_hjk/sdp_dataset/xrf55/wifi/01_01_05.npy,1000,270000,5484,961,717,7163.2116422120525,177238.14600795193,167245.64030713373,1564.4998854664696,1548.9205764627252,0.998950212964595,0.006113416034673299,5088,0.02031111111111111,0.943621021061855,0.9900419877633297
5,11,55.0,6,/home/test/bupt_hjk/sdp_dataset/xrf55/wifi/01_01_06.npy,1000,270000,6140,947,718,8612.57907644269,185142.61518412142,172673.15892924456,1444.0023514174734,1431.0218169570012,0.9986498940746158,0.007291842048107248,5715,0.022740740740740742,0.932649453814422,0.9910107248456139
5,11,55.0,7,/home/test/bupt_hjk/sdp_dataset/xrf55/wifi/01_01_07.npy,1000,270000,6143,966,752,8220.22397195049,184121.80661950065,172162.41367984813,1475.2432330106344,1450.9364265438935,0.9988104001895105,0.00701964289420125,5675,0.022751851851851853,0.9350462981043448,0.9835235262071759
5,11,55.0,8,/home/test/bupt_hjk/sdp_dataset/xrf55/wifi/01_01_08.npy,1000,270000,5549,943,705,7700.209139610402,186673.95447394514,176480.59730392203,1530.0137443173405,1517.900368949261,0.9987887021346806,0.0072531223457511194,5079,0.020551851851851852,0.9453948613305567,0.9920828323189448
5,11,55.0,9,/home/test/bupt_hjk/sdp_dataset/xrf55/wifi/01_01_09.npy,1000,270000,5171,940,692,7137.220593506964,183196.47781954164,173364.786476654,1686.3084039325906,1667.9194655689284,0.9989187144914673,0.006043709160704682,4799,0.01915185185185185,0.9463325307347209,0.9890951510881534
5,11,55.0,10,/home/test/bupt_hjk/sdp_dataset/xrf55/wifi/01_01_10.npy,1000,270000,5960,944,698,8217.95730287951,185293.86044866298,173667.4351039827,1521.7215977210972,1511.4802254914334,0.9987206058076697,0.007089796030101426,5495,0.022074074074074072,0.9372541253308202,0.9932698778508493
5,11,55.0,11,/home/test/bupt_hjk/sdp_dataset/xrf55/wifi/01_01_11.npy,1000,270000,6279,958,751,8558.38479492615,185275.02464748741,173160.65012043162,1625.5695026751205,1603.2492750305573,0.9988419806217083,0.006868484269411403,5752,0.023255555555555557,0.9346140984187957,0.9862692874049176
5,11,55.0,12,/home/test/bupt_hjk/sdp_dataset/xrf55/wifi/01_01_12.npy,1000,270000,5444,953,704,7457.533148565008,178958.59774310322,168433.75622065092,1462.4291027953996,1434.8931230597225,0.998841183187162,0.0071959956917937214,5049,0.020162962962962962,0.941188399690297,0.9811710669029748
5,11,55.0,13,/home/test/bupt_hjk/sdp_dataset/xrf55/wifi/01_01_13.npy,1000,270000,5339,948,682,7613.5032409493,187043.52179781935,176715.8095013532,1598.7200993537626,1583.6047931421544,0.9988580511969769,0.0065318407749338685,4910,0.019774074074074072,0.9447844426944138,0.9905453705012415
5,11,55.0,14,/home/test/bupt_hjk/sdp_dataset/xrf55/wifi/01_01_14.npy,1000,270000,5217,948,715,7194.00441881869,188144.32712057483,178579.9438608879,1543.3187931557575,1527.1852595608761,0.9988226415936412,0.005954130916837097,4801,0.019322222222222223,0.9491646471298735,0.9895462080378794
5,11,55.0,15,/home/test/bupt_hjk/sdp_dataset/xrf55/wifi/01_01_15.npy,1000,270000,5677,957,740,7810.033933497141,181647.3476933292,170657.7405640761,1563.991395191593,1550.00866220327,0.9988268229444892,0.0064088336637228745,5231,0.021025925925925927,0.9395003160310021,0.9910595844508402
5,11,55.0,16,/home/test/bupt_hjk/sdp_dataset/xrf55/wifi/01_01_16.npy,1000,270000,4441,926,622,6522.559791300302,191438.05417539156,182982.70399858954,1664.7093030566684,1656.8397825024454,0.9990438619072953,0.005190056989260463,4119,0.01644814814814815,0.9558324481868407,0.9952727358826112
5,11,55.0,17,/home/test/bupt_hjk/sdp_dataset/xrf55/wifi/01_01_17.npy,1000,270000,4817,934,670,6736.805649101803,186172.28504575358,176998.1729002732,1707.7279699529035,1696.914762409397,0.9989699990171158,0.005647352845713914,4445,0.01784074074074074,0.9507224604176409,0.993668073760129
5,11,55.0,18,/home/test/bupt_hjk/sdp_dataset/xrf55/wifi/01_01_18.npy,1000,270000,5572,953,709,7509.164930382624,185103.17462064244,174687.22667153494,1495.4337497887764,1478.2457668381662,0.9988839430292984,0.00630973273210898,5159,0.020637037037037037,0.9437289610485917,0.9885063561304285
5,11,55.0,19,/home/test/bupt_hjk/sdp_dataset/xrf55/wifi/01_01_19.npy,1000,270000,5115,939,669,7320.549637602337,187094.54114981001,177185.95719848777,1594.4619930692852,1579.0602166516976,0.9988969849875898,0.006372039214179231,4732,0.018944444444444444,0.9470396950631058,0.990340455599108
5,11,55.0,20,/home/test/bupt_hjk/sdp_dataset/xrf55/wifi/01_01_20.npy,1000,270000,4487,941,642,6793.029038781252,194666.90400633932,185803.88476583755,1619.7234014666583,1597.1129153432707,0.9988783441142222,0.005869215077087229,4105,0.01661851851851852,0.9544708470823928,0.9860405263621469
5,11,55.0,21,/home/test/bupt_hjk/sdp_dataset/xrf55/wifi/01_02_01.npy,1000,270000,6938,970,810,8552.730994772977,172745.18139386753,160226.5308279139,1168.153343757705,1104.5315783507558,0.9989840317397616,0.006676115494119129,6402,0.025696296296296297,0.9275311156876179,0.9455364608191839
5,11,55.0,22,/home/test/bupt_hjk/sdp_dataset/xrf55/wifi/01_02_02.npy,1000,270000,7073,978,828,8218.559202957586,173595.04139783003,161415.42235233122,1187.4577767545757,1164.6891562757642,0.9990901287944524,0.006315726845939433,6543,0.026196296296296297,0.9298389000778736,0.9808257430920702
5,11,55.0,23,/home/test/bupt_hjk/sdp_dataset/xrf55/wifi/01_02_03.npy,1000,270000,7420,986,882,8752.248669983892,173067.82155808914,159870.56988343986,1100.52811486348,1078.8269042363272,0.9990517321929135,0.006511525596240778,6852,0.02748148148148148,0.9237452025695042,0.9802810938366215
5,11,55.0,24,/home/test/bupt_hjk/sdp_dataset/xrf55/wifi/01_02_04.npy,1000,270000,7176,982,835,8345.457628500128,168811.1605070987,156423.72919216292,1103.265760238938,1085.2007621920288,0.9990771733151885,0.0062327155502392055,6576,0.026577777777777777,0.926619595068687,0.9836258871634005
5,11,55.0,25,/home/test/bupt_hjk/sdp_dataset/xrf55/wifi/01_02_05.npy,1000,270000,7619,984,851,8773.618770589968,168789.9882174528,155814.62437938695,1158.3055590818303,1142.3211877186795,0.999052937777495,0.006635823931528986,7026,0.028218518518518518,0.9231271713737569,0.9862002118199094
5,11,55.0,26,/home/test/bupt_hjk/sdp_dataset/xrf55/wifi/01_02_06.npy,1000,270000,7554,987,874,8796.364872099293,174391.2452172639,161214.21074642334,1000.3509416305885,980.0531880861716,0.9990128554388327,0.0067214329433920835,6952,0.02797777777777778,0.9244398166064812,0.9797093672833144
5,11,55.0,27,/home/test/bupt_hjk/sdp_dataset/xrf55/wifi/01_02_07.npy,1000,270000,7094,986,824,8463.726136820267,173927.1379518293,161500.54720304732,1167.8555753713856,1149.0021677671434,0.9990740006711155,0.006843455405717668,6586,0.026274074074074075,0.9285528934982898,0.9838563877230738
5,11,55.0,28,/home/test/bupt_hjk/sdp_dataset/xrf55/wifi/01_02_08.npy,1000,270000,7042,986,848,8123.911526454614,171808.1611936577,159533.85488159014,1125.2497177465789,1105.680875430699,0.9991288756865141,0.006199829590363559,6587,0.02608148148148148,0.9285580718238857,0.9826093337263231
5,11,55.0,29,/home/test/bupt_hjk/sdp_dataset/xrf55/wifi/01_02_09.npy,1000,270000,6976,984,858,8036.691997557182,170159.80270982403,157941.56014275015,1085.2205561206733,1063.458408083837,0.9991048720552479,0.0065343088149023495,6511,0.025837037037037037,0.9281954822907863,0.9799467970689485
5,11,55.0,30,/home/test/bupt_hjk/sdp_dataset/xrf55/wifi/01_02_10.npy,1000,270000,7459,989,872,8856.879269726045,169568.4043185268,156290.166163194,1038.6828958505512,1026.2610659231239,0.9989840735547448,0.006887403370531282,6957,0.027625925925925925,0.9216939133873654,0.9880407870611411
10,21,105.0,1,/home/test/bupt_hjk/sdp_dataset/xrf55/wifi/01_01_01.npy,1000,270000,2190,696,290,4081.4473143540786,182653.30049665805,178389.0768387813,1647.9074550330538,1635.492557051969,0.9991919322343643,0.0039177745018130735,2021,0.00811111111111111,0.9766540016179189,0.9924662650544076
10,21,105.0,2,/home/test/bupt_hjk/sdp_dataset/xrf55/wifi/01_01_02.npy,1000,270000,2824,733,344,5377.403532557588,188559.41739177622,183925.19803959905,1588.4336599956305,1562.798775186558,0.9988730575852365,0.005041050949783257,2473,0.010459259259259258,0.9754230288983737,0.9838615326187793
10,21,105.0,3,/home/test/bupt_hjk/sdp_dataset/xrf55/wifi/01_01_03.npy,1000,270000,2560,712,328,4608.707251387921,182526.19356765493,178109.38347388536,1617.6252862518363,1602.918297575668,0.9991068287079649,0.004000966500040921,2311,0.009481481481481481,0.9758017739402841,0.9909082846310807
10,21,105.0,4,/home/test/bupt_hjk/sdp_dataset/xrf55/wifi/01_01_04.npy,1000,270000,2262,682,310,4048.5423513983214,180427.84867812475,176371.39505743585,1703.9880174076184,1687.995202551239,0.9992293819191318,0.0036376983510724827,2066,0.008377777777777777,0.9775175858360677,0.9906144792727414
10,21,105.0,5,/home/test/bupt_hjk/sdp_dataset/xrf55/wifi/01_01_05.npy,1000,270000,2745,744,328,4695.0408444123295,177238.14600795193,172700.3176883866,1564.4998854664696,1549.4334665627612,0.9991387838319742,0.004331833538008307,2471,0.010166666666666666,0.9743969996201509,0.9903698178288992
10,21,105.0,6,/home/test/bupt_hjk/sdp_dataset/xrf55/wifi/01_01_06.npy,1000,270000,2718,722,324,4731.3627794521535,185142.61518412142,179749.08999015772,1444.0023514174734,1427.1686396663008,0.9991208344219907,0.004369191952335705,2484,0.010066666666666666,0.9708682672079579,0.9883423238648829
10,21,105.0,7,/home/test/bupt_hjk/sdp_dataset/xrf55/wifi/01_01_07.npy,1000,270000,2726,747,350,4615.880169616503,184121.80661950065,178486.16026370332,1475.2432330106344,1459.733795934242,0.9991998941892201,0.004351334847343425,2557,0.010096296296296296,0.9693917496288543,0.9894868610617239
10,21,105.0,8,/home/test/bupt_hjk/sdp_dataset/xrf55/wifi/01_01_08.npy,1000,270000,2595,736,334,5058.129204956528,186673.95447394514,182180.67408333742,1530.0137443173405,1507.242604064063,0.9988052561970266,0.004715450687516328,2327,0.009611111111111112,0.975929794795048,0.9851170354920978
10,21,105.0,9,/home/test/bupt_hjk/sdp_dataset/xrf55/wifi/01_01_09.npy,1000,270000,2323,677,285,4676.606313285319,183196.47781954164,179118.2883430863,1686.3084039325906,1658.5448972681208,0.9989504956055772,0.004799155995762716,2097,0.008603703703703704,0.97773871241961,0.9835359258130225
10,21,105.0,10,/home/test/bupt_hjk/sdp_dataset/xrf55/wifi/01_01_10.npy,1000,270000,2666,714,325,4725.838553168586,185293.86044866298,180444.22956641944,1521.7215977210972,1509.484077868351,0.9990691100905467,0.0038790313004917597,2414,0.009874074074074073,0.9738273525604095,0.9919581085849917
10,21,105.0,11,/home/test/bupt_hjk/sdp_dataset/xrf55/wifi/01_01_11.npy,1000,270000,2775,753,358,4602.496001501158,185275.02464748741,179830.21971833767,1625.5695026751205,1602.5763592123278,0.9992890303277163,0.0037859013030521046,2513,0.010277777777777778,0.9706123103234812,0.9858553304396066
10,21,105.0,12,/home/test/bupt_hjk/sdp_dataset/xrf55/wifi/01_01_12.npy,1000,270000,2326,730,321,4062.2392619958223,178958.59774310322,174509.91834382142,1462.4291027953996,1442.0417703572286,0.9992467351412518,0.004123830737436481,2137,0.008614814814814815,0.9751412927046517,0.9860592678310347
10,21,105.0,13,/home/test/bupt_hjk/sdp_dataset/xrf55/wifi/01_01_13.npy,1000,270000,2428,690,300,4518.382333971875,187043.52179781935,182769.71322819366,1598.7200993537626,1586.3600603267905,0.9991638684944222,0.004172184820364462,2203,0.008992592592592592,0.9771507265873374,0.9922687911211172
10,21,105.0,14,/home/test/bupt_hjk/sdp_dataset/xrf55/wifi/01_01_14.npy,1000,270000,2583,729,320,4817.160701790892,188144.32712057483,183925.02670629247,1543.3187931557575,1527.901308561671,0.9989399710960566,0.004019825263025779,2285,0.009566666666666666,0.9775741289739851,0.9900101750445472
10,21,105.0,15,/home/test/bupt_hjk/sdp_dataset/xrf55/wifi/01_01_15.npy,1000,270000,2400,732,299,4189.185092400529,181647.3476933292,176899.2450427041,1563.991395191593,1554.2672034351158,0.999260011388395,0.003594650580386993,2227,0.008888888888888889,0.9738608754219675,0.9937824518815297
10,21,105.0,16,/home/test/bupt_hjk/sdp_dataset/xrf55/wifi/01_01_16.npy,1000,270000,1763,652,226,3520.7217885942764,191438.05417539156,188665.22630509583,1664.7093030566684,1659.026218955674,0.9993236621473446,0.003016483075714665,1579,0.00652962962962963,0.9855157957897163,0.9965861402404856
10,21,105.0,17,/home/test/bupt_hjk/sdp_dataset/xrf55/wifi/01_01_17.npy,1000,270000,2171,691,282,4044.814340585325,186172.28504575358,182424.39216513743,1707.7279699529035,1693.8972265061918,0.9992152799847873,0.0037212466639299276,1962,0.00804074074074074,0.9798686851821415,0.9919010851317888
10,21,105.0,18,/home/test/bupt_hjk/sdp_dataset/xrf55/wifi/01_01_18.npy,1000,270000,2769,745,342,5238.096192525571,185103.17462064244,180646.4003146991,1495.4337497887764,1481.3853403241628,0.9988902536860724,0.004760159672566282,2453,0.010255555555555556,0.9759227559706783,0.9906057961667658
10,21,105.0,19,/home/test/bupt_hjk/sdp_dataset/xrf55/wifi/01_01_19.npy,1000,270000,2364,716,292,4435.550287541668,187094.54114981001,182794.88066813519,1594.4619930692852,1580.1546670489613,0.9991640783026563,0.003821818935537776,2166,0.008755555555555556,0.9770187817600087,0.9910268629277373
10,21,105.0,20,/home/test/bupt_hjk/sdp_dataset/xrf55/wifi/01_01_20.npy,1000,270000,2312,716,295,4863.61204811497,194666.90400633932,191218.7427578424,1619.7234014666583,1596.7740477640828,0.9989178763605996,0.004612232896237208,2058,0.008562962962962963,0.9822868644976004,0.9858313131230957
10,21,105.0,21,/home/test/bupt_hjk/sdp_dataset/xrf55/wifi/01_02_01.npy,1000,270000,3128,814,399,4735.004286086638,172745.18139386753,166641.86467180308,1168.153343757705,1106.9011242845422,0.9993422712688157,0.0036291448292559846,2908,0.011585185185185184,0.9646686716652976,0.9475649153422553
10,21,105.0,22,/home/test/bupt_hjk/sdp_dataset/xrf55/wifi/01_02_02.npy,1000,270000,3113,833,410,4425.422230871834,173595.04139783003,167720.10225638794,1187.4577767545757,1172.690959541874,0.9994288673097862,0.0038087378441524493,2908,0.01152962962962963,0.9661572180049866,0.9875643433376969
10,21,105.0,23,/home/test/bupt_hjk/sdp_dataset/xrf55/wifi/01_02_03.npy,1000,270000,3508,863,463,4922.8431468973595,173067.82155808914,166340.73548492813,1100.52811486348,1083.5305458159355,0.9993894621177742,0.003914863516414038,3243,0.012992592592592592,0.9611303475562434,0.9845550796767669
10,21,105.0,24,/home/test/bupt_hjk/sdp_dataset/xrf55/wifi/01_02_04.npy,1000,270000,3380,831,430,4754.8165587581425,168811.1605070987,162419.3688866945,1103.265760238938,1084.6862246134483,0.9994013943107956,0.003721436276459631,3144,0.012518518518518519,0.9621364393135876,0.9831595103418548
10,21,105.0,25,/home/test/bupt_hjk/sdp_dataset/xrf55/wifi/01_02_05.npy,1000,270000,3546,834,455,4931.741632280505,168789.9882174528,162052.72336030335,1158.3055590818303,1144.595148033352,0.9993900731080073,0.003764881087969484,3321,0.013133333333333334,0.960084926077074,0.9881633900994601
10,21,105.0,26,/home/test/bupt_hjk/sdp_dataset/xrf55/wifi/01_02_06.npy,1000,270000,3402,854,445,4774.650433630556,174391.2452172639,167876.0528108543,1000.3509416305885,974.9331899188796,0.9993800610688556,0.0037327515033922856,3140,0.0126,0.9626403699434987,0.97459116530617
10,21,105.0,27,/home/test/bupt_hjk/sdp_dataset/xrf55/wifi/01_02_07.npy,1000,270000,3233,821,401,4781.585093845723,173927.1379518293,167860.22142644064,1167.8555753713856,1148.302855636,0.9993730243219485,0.004035368400652732,2988,0.011974074074074074,0.9651180569241072,0.9832575875410213
10,21,105.0,28,/home/test/bupt_hjk/sdp_dataset/xrf55/wifi/01_02_08.npy,1000,270000,3310,836,419,4672.313086734287,171808.1611936577,165207.2939270077,1125.2497177465789,1103.603308372722,0.9994208124474449,0.004036743719892363,3132,0.01225925925925926,0.9615800133079262,0.9807630172818831
10,21,105.0,29,/home/test/bupt_hjk/sdp_dataset/xrf55/wifi/01_02_09.npy,1000,270000,3311,843,463,4641.984506061741,170159.80270982403,163662.150356282,1085.2205561206733,1068.5751864632218,0.9994028279919407,0.0037382439407632594,3116,0.012262962962962963,0.9618144106300913,0.9846617633958634
10,21,105.0,30,/home/test/bupt_hjk/sdp_dataset/xrf55/wifi/01_02_10.npy,1000,270000,3469,840,442,4940.899695939392,169568.4043185268,162498.78962144858,1038.6828958505512,1025.4977508966483,0.9993592740316335,0.003734233427004255,3288,0.012848148148148148,0.9583081840895415,0.9873058996094223
25,51,255.0,1,/home/test/bupt_hjk/sdp_dataset/xrf55/wifi/01_01_01.npy,1000,270000,1117,413,146,2925.279621916061,182653.30049665805,181490.70677679603,1647.9074550330538,1625.2960063318928,0.9992135703009627,0.003238233867280386,953,0.004137037037037037,0.9936349700952527,0.986278690206722
25,51,255.0,2,/home/test/bupt_hjk/sdp_dataset/xrf55/wifi/01_01_02.npy,1000,270000,1327,406,150,3344.5086596187703,188559.41739177622,187407.41613851447,1588.4336599956305,1565.0727736786723,0.999056904340135,0.0028055123252048,1128,0.004914814814814815,0.9938905132970993,0.9852931306447998
25,51,255.0,3,/home/test/bupt_hjk/sdp_dataset/xrf55/wifi/01_01_03.npy,1000,270000,1387,423,171,3620.16136499236,182526.19356765493,181664.34847861558,1617.6252862518363,1600.5188473789158,0.9990206064640843,0.0030329742327329843,1125,0.005137037037037037,0.9952782388533188,0.9894249681812545
25,51,255.0,4,/home/test/bupt_hjk/sdp_dataset/xrf55/wifi/01_01_04.npy,1000,270000,1195,415,141,3106.5639922188093,180427.84867812475,179614.41557586924,1703.9880174076184,1677.4469786525979,0.9991345940769749,0.003173537920702386,1009,0.004425925925925926,0.9954916432900187,0.9844241635012205
25,51,255.0,5,/home/test/bupt_hjk/sdp_dataset/xrf55/wifi/01_01_05.npy,1000,270000,1393,455,168,3348.6624635212142,177238.14600795193,176231.9667753015,1564.4998854664696,1541.9786291292662,0.9991425560902699,0.0029405199837400733,1098,0.005159259259259259,0.994323009717077,0.9856048207184825
25,51,255.0,6,/home/test/bupt_hjk/sdp_dataset/xrf55/wifi/01_01_06.npy,1000,270000,1396,447,165,3718.188275875638,185142.61518412142,183990.11994730853,1444.0023514174734,1402.991900119959,0.9989383465973042,0.0030786096709054436,1130,0.00517037037037037,0.9937750947524061,0.9715994567063846
25,51,255.0,7,/home/test/bupt_hjk/sdp_dataset/xrf55/wifi/01_01_07.npy,1000,270000,1202,442,125,2720.6741451281323,184121.80661950065,181976.3719663565,1475.2432330106344,1458.9562777362553,0.9993915799425286,0.0029820030625811065,1101,0.004451851851851852,0.9883477427658646,0.9889598169915742
25,51,255.0,8,/home/test/bupt_hjk/sdp_dataset/xrf55/wifi/01_01_08.npy,1000,270000,1532,455,188,4201.621775521717,186673.95447394514,185781.63465979934,1530.0137443173405,1477.6689225100663,0.9987155004696897,0.004159233566565676,1276,0.0056740740740740744,0.9952199019051137,0.9657880054988465
25,51,255.0,9,/home/test/bupt_hjk/sdp_dataset/xrf55/wifi/01_01_09.npy,1000,270000,1272,415,133,3755.4958571558677,183196.47781954164,182385.12619406288,1686.3084039325906,1634.8599447410847,0.9987936678521493,0.003843942467165689,1043,0.004711111111111111,0.9955711396030332,0.9694904804651839
25,51,255.0,10,/home/test/bupt_hjk/sdp_dataset/xrf55/wifi/01_01_10.npy,1000,270000,1309,425,160,3128.5346047801527,185293.86044866298,183865.18129294278,1521.7215977210972,1505.7096925232697,0.9992112793989394,0.002699496370697311,1135,0.004848148148148148,0.9922896573461157,0.9894777696381476
25,51,255.0,11,/home/test/bupt_hjk/sdp_dataset/xrf55/wifi/01_01_11.npy,1000,270000,1100,463,130,2484.2141843395166,185275.02464748741,183862.27055794233,1625.5695026751205,1604.422071633575,0.9994915437150592,0.002079655265702718,966,0.004074074074074074,0.9923748271401769,0.9869907555433685
25,51,255.0,12,/home/test/bupt_hjk/sdp_dataset/xrf55/wifi/01_01_12.npy,1000,270000,1400,473,190,3379.1483348817383,178958.59774310322,178311.82389467867,1462.4291027953996,1439.0215343398206,0.9991689316791148,0.0035172729762941455,1103,0.005185185185185185,0.9963859023451167,0.9839940490716194
25,51,255.0,13,/home/test/bupt_hjk/sdp_dataset/xrf55/wifi/01_01_13.npy,1000,270000,1260,405,143,3405.3037732762405,187043.52179781935,186260.7295676556,1598.7200993537626,1557.210484127921,0.999008787147092,0.0033606695720510738,1011,0.004666666666666667,0.9958149193158911,0.9740357206726676
25,51,255.0,14,/home/test/bupt_hjk/sdp_dataset/xrf55/wifi/01_01_14.npy,1000,270000,1287,447,149,3123.7601689247504,188144.32712057483,186835.72683623846,1543.3187931557575,1530.241049499226,0.9991475297676173,0.002650709335547551,1110,0.0047666666666666664,0.9930446997559605,0.9915262201727031
25,51,255.0,15,/home/test/bupt_hjk/sdp_dataset/xrf55/wifi/01_01_15.npy,1000,270000,1016,384,123,2351.258491556526,181647.3476933292,180261.0698987422,1563.991395191593,1548.2073845052757,0.9994812103094514,0.002240081107186015,904,0.003762962962962963,0.9923683014798133,0.9899078660312043
25,51,255.0,16,/home/test/bupt_hjk/sdp_dataset/xrf55/wifi/01_01_16.npy,1000,270000,1048,382,117,4106.987977550208,191438.05417539156,191448.3442786701,1664.7093030566684,1649.4321706055944,0.9982312210261446,0.004297568902854305,705,0.0038814814814814814,1.0000537516081787,0.9908229428267008
25,51,255.0,17,/home/test/bupt_hjk/sdp_dataset/xrf55/wifi/01_01_17.npy,1000,270000,1151,393,148,3243.5437145644746,186172.28504575358,185528.9363508271,1707.7279699529035,1685.6564873801312,0.9990315013693578,0.003672928291233405,945,0.004262962962962963,0.9965443369040221,0.9870755278585845
25,51,255.0,18,/home/test/bupt_hjk/sdp_dataset/xrf55/wifi/01_01_18.npy,1000,270000,1621,461,186,4312.377831844304,185103.17462064244,183860.35865687515,1495.4337497887764,1483.0780228025292,0.9987421053126997,0.004304975319054173,1273,0.006003703703703704,0.9932858203738841,0.9917376968468229
25,51,255.0,19,/home/test/bupt_hjk/sdp_dataset/xrf55/wifi/01_01_19.npy,1000,270000,1541,437,175,4174.160287116704,187094.54114981001,186003.6361973426,1594.4619930692852,1564.6355071580122,0.9988977025457534,0.0037328822834122055,1220,0.005707407407407408,0.9941692315245376,0.9812936990402273
25,51,255.0,20,/home/test/bupt_hjk/sdp_dataset/xrf55/wifi/01_01_20.npy,1000,270000,1197,424,143,3562.122836091936,194666.90400633932,194417.93601720233,1619.7234014666583,1589.2492600921905,0.9988996048293863,0.003935796431903351,926,0.004433333333333333,0.9987210564096254,0.9811855892513046
25,51,255.0,21,/home/test/bupt_hjk/sdp_dataset/xrf55/wifi/01_02_01.npy,1000,270000,1237,421,144,2525.197321228552,172745.18139386753,170261.90752414538,1168.153343757705,1106.0938646933234,0.999552040147496,0.0018847577426730838,1141,0.0045814814814814815,0.985624641742914,0.9468738591589789
25,51,255.0,22,/home/test/bupt_hjk/sdp_dataset/xrf55/wifi/01_02_02.npy,1000,270000,1291,470,134,2293.2358305901785,173595.04139783003,171156.87829215464,1187.4577767545757,1178.0419568216578,0.9996506069436752,0.002133704424739979,1199,0.004781481481481481,0.9859548804732975,0.9920706065367207
25,51,255.0,23,/home/test/bupt_hjk/sdp_dataset/xrf55/wifi/01_02_03.npy,1000,270000,1513,531,159,2703.6210968525957,173067.82155808914,170320.74559994013,1100.52811486348,1079.0968517542542,0.9995729127240728,0.002569219957180821,1395,0.005603703703703704,0.984127170877765,0.9805263829067336
25,51,255.0,24,/home/test/bupt_hjk/sdp_dataset/xrf55/wifi/01_02_04.npy,1000,270000,1249,456,144,2162.0699420434057,168811.1605070987,166403.28600067575,1103.265760238938,1086.6760084525386,0.9996789757403478,0.001775690820329241,1191,0.004625925925925926,0.9857362836723008,0.98496305026016
25,51,255.0,25,/home/test/bupt_hjk/sdp_dataset/xrf55/wifi/01_02_05.npy,1000,270000,1516,507,160,2834.966957989739,168789.9882174528,166176.5522952095,1158.3055590818303,1138.698763948316,0.9995147149674707,0.0022640444405397408,1355,0.005614814814814815,0.9845166413610006,0.9830728645133531
25,51,255.0,26,/home/test/bupt_hjk/sdp_dataset/xrf55/wifi/01_02_06.npy,1000,270000,1258,511,132,2152.882224984034,174391.2452172639,172012.7303545399,1000.3509416305885,982.4843423696752,0.9996707772988003,0.0016691492254669346,1196,0.00465925925925926,0.986361042036481,0.9821396686728855
25,51,255.0,27,/home/test/bupt_hjk/sdp_dataset/xrf55/wifi/01_02_07.npy,1000,270000,1550,472,156,2975.388151898897,173927.1379518293,171126.48863267436,1167.8555753713856,1152.8834630633169,0.999498229859001,0.00246105546418552,1406,0.005740740740740741,0.9838975714075706,0.9871798254648846
25,51,255.0,28,/home/test/bupt_hjk/sdp_dataset/xrf55/wifi/01_02_08.npy,1000,270000,1588,499,134,2751.663541685505,171808.1611936577,168484.2733455362,1125.2497177465789,1102.9709096381566,0.9995991434424265,0.0027752202424379977,1506,0.0058814814814814815,0.9806534926802756,0.9802010098229238
25,51,255.0,29,/home/test/bupt_hjk/sdp_dataset/xrf55/wifi/01_02_09.npy,1000,270000,1345,498,143,2662.6542097860784,170159.80270982403,167725.6496946903,1085.2205561206733,1060.7402359652272,0.9994916125583012,0.002347464184273976,1226,0.004981481481481482,0.985694899874298,0.9774420784628742
25,51,255.0,30,/home/test/bupt_hjk/sdp_dataset/xrf55/wifi/01_02_10.npy,1000,270000,1398,477,140,2510.8274409283213,169568.4043185268,166554.3774599151,1038.6828958505512,1025.6491375405026,0.9996022477308959,0.002001983336239426,1346,0.005177777777777778,0.9822253038782509,0.9874516482729067
50,101,505.0,1,/home/test/bupt_hjk/sdp_dataset/xrf55/wifi/01_01_01.npy,1000,270000,928,285,103,3077.9962799582163,182653.30049665805,182151.60902176728,1647.9074550330538,1629.3044304823604,0.9989637118852827,0.0036976814838365624,621,0.003437037037037037,0.9972533128417247,0.9887111230100478
50,101,505.0,2,/home/test/bupt_hjk/sdp_dataset/xrf55/wifi/01_01_02.npy,1000,270000,1247,333,123,3849.441408161443,188559.41739177622,188406.72933730794,1588.4336599956305,1533.2926041347569,0.9987666512517834,0.003637026182848355,984,0.004618518518518518,0.9991902390419937,0.9652858931099298
50,101,505.0,3,/home/test/bupt_hjk/sdp_dataset/xrf55/wifi/01_01_03.npy,1000,270000,1207,324,138,3871.5540548804943,182526.19356765493,182651.77213005227,1617.6252862518363,1578.115113517371,0.9987131920103642,0.0035488422690300395,892,0.00447037037037037,1.0006880029651788,0.9755752008389943
50,101,505.0,4,/home/test/bupt_hjk/sdp_dataset/xrf55/wifi/01_01_04.npy,1000,270000,1591,372,157,5941.956910131829,180427.84867812475,181144.2541099959,1703.9880174076184,1650.5543218546939,0.9976997947747038,0.006816816020626441,980,0.0058925925925925925,1.0039705923288438,0.9686419769346638
50,101,505.0,5,/home/test/bupt_hjk/sdp_dataset/xrf55/wifi/01_01_05.npy,1000,270000,1344,348,146,4632.9936141534445,177238.14600795193,177438.75458551428,1564.4998854664696,1507.7465749211997,0.9982068034663583,0.004404749044848191,850,0.004977777777777778,1.0011318589258622,0.9637243114732805
50,101,505.0,6,/home/test/bupt_hjk/sdp_dataset/xrf55/wifi/01_01_06.npy,1000,270000,1300,352,139,4612.165002435172,185142.61518412142,185097.75968771437,1444.0023514174734,1359.3316405397527,0.9981465603248632,0.0039310087265535835,882,0.004814814814814815,0.9997577246256221,0.9413638691137826
50,101,505.0,7,/home/test/bupt_hjk/sdp_dataset/xrf55/wifi/01_01_07.npy,1000,270000,907,298,101,2933.2087769092445,184121.80661950065,183437.39821745892,1475.2432330106344,1453.5977960364746,0.9990116720916978,0.0025328034927075615,672,0.0033592592592592593,0.9962828498448524,0.9853275470174594
50,101,505.0,8,/home/test/bupt_hjk/sdp_dataset/xrf55/wifi/01_01_08.npy,1000,270000,1501,382,170,5607.162506359745,186673.95447394514,187166.843076299,1530.0137443173405,1448.1173608629053,0.9976467021669229,0.0054564718737906345,1005,0.0055592592592592594,1.0026403715705432,0.94647343283117
50,101,505.0,9,/home/test/bupt_hjk/sdp_dataset/xrf55/wifi/01_01_09.npy,1000,270000,1616,340,150,6178.939695318456,183196.47781954164,183855.9943461601,1686.3084039325906,1538.0575639802105,0.9976010468065659,0.007804990610527006,1052,0.005985185185185185,1.003600050254613,0.9120855712948778
50,101,505.0,10,/home/test/bupt_hjk/sdp_dataset/xrf55/wifi/01_01_10.npy,1000,270000,1194,333,132,3861.0960870020926,185293.86044866298,185434.55103774377,1521.7215977210972,1489.557700193711,0.9986461831602418,0.0034115004840202224,910,0.004422222222222222,1.000759283598173,0.9788634809576507
50,101,505.0,11,/home/test/bupt_hjk/sdp_dataset/xrf55/wifi/01_01_11.npy,1000,270000,972,355,119,3228.966980177622,185275.02464748741,185588.84874348855,1625.5695026751205,1592.1610235828286,0.9990198897984078,0.0026438602460328374,714,0.0036,1.0016938283861962,0.9794481386139977
50,101,505.0,12,/home/test/bupt_hjk/sdp_dataset/xrf55/wifi/01_01_12.npy,1000,270000,993,298,109,3524.987327667209,178958.59774310322,179517.95213548382,1462.4291027953996,1373.7704360115836,0.9986678472966518,0.004201909718145635,691,0.0036777777777777776,1.0031256078189859,0.9393757505137534
50,101,505.0,13,/home/test/bupt_hjk/sdp_dataset/xrf55/wifi/01_01_13.npy,1000,270000,1479,339,144,6091.397579746363,187043.52179781935,187648.73160550307,1598.7200993537626,1521.5629169584558,0.9974562998538637,0.008226152593330665,823,0.005477777777777778,1.003235663025731,0.9517381545234245
50,101,505.0,14,/home/test/bupt_hjk/sdp_dataset/xrf55/wifi/01_01_14.npy,1000,270000,1368,337,149,4251.314650145665,188144.32712057483,188064.8244533757,1543.3187931557575,1510.3903506865431,0.9986140773099728,0.0036489850736830475,981,0.005066666666666666,0.999577437872213,0.9786638751402212
50,101,505.0,15,/home/test/bupt_hjk/sdp_dataset/xrf55/wifi/01_01_15.npy,1000,270000,979,337,105,3116.38586576609,181647.3476933292,181517.80952896076,1563.991395191593,1517.61527415386,0.9989604179603205,0.0025158340327611295,702,0.003625925925925926,0.9992868700478514,0.9703475855555765
50,101,505.0,16,/home/test/bupt_hjk/sdp_dataset/xrf55/wifi/01_01_16.npy,1000,270000,929,295,121,4332.114768972366,191438.05417539156,192653.06762842974,1664.7093030566684,1629.9208509782025,0.9980299881530521,0.003741631039081627,594,0.0034407407407407407,1.0063467708041214,0.979102386215666
50,101,505.0,17,/home/test/bupt_hjk/sdp_dataset/xrf55/wifi/01_01_17.npy,1000,270000,1205,336,126,4536.568570723413,186172.28504575358,186787.6619321537,1707.7279699529035,1640.9243626072848,0.9982427493224102,0.0038395897383201156,767,0.004462962962962963,1.0033054161968784,0.9608815873950574
50,101,505.0,18,/home/test/bupt_hjk/sdp_dataset/xrf55/wifi/01_01_18.npy,1000,270000,1146,341,128,3574.4759714028673,185103.17462064244,184747.4034848135,1495.4337497887764,1475.2351495290757,0.9988151629563186,0.004236431887814468,837,0.004244444444444445,0.9980779846884956,0.9864931493872239
50,101,505.0,19,/home/test/bupt_hjk/sdp_dataset/xrf55/wifi/01_01_19.npy,1000,270000,1230,359,151,4347.687829852104,187094.54114981001,187217.3377588167,1594.4619930692852,1555.2829079027008,0.9984066973996439,0.004037288868372572,865,0.004555555555555556,1.0006563345368176,0.975428021905266
50,101,505.0,20,/home/test/bupt_hjk/sdp_dataset/xrf55/wifi/01_01_20.npy,1000,270000,1289,341,140,4951.924122571516,194666.90400633932,195717.5418104992,1619.7234014666583,1565.7723035165134,0.9980092782791437,0.005478440147748114,819,0.004774074074074074,1.0053971054274622,0.9666911659723554
50,101,505.0,21,/home/test/bupt_hjk/sdp_dataset/xrf55/wifi/01_02_01.npy,1000,270000,974,333,117,2239.9047662257144,172745.18139386753,171426.99638690043,1168.153343757705,1097.8208689526716,0.9995497814108953,0.0019016149655155827,854,0.0036074074074074073,0.9923691937666176,0.9397917446533274
50,101,505.0,22,/home/test/bupt_hjk/sdp_dataset/xrf55/wifi/01_02_02.npy,1000,270000,975,323,106,2240.236026405525,173595.04139783003,172496.58494322983,1187.4577767545757,1163.895962975589,0.9995144880377081,0.0018013372861783866,823,0.003611111111111111,0.9936723051202663,0.9801577670884576
50,101,505.0,23,/home/test/bupt_hjk/sdp_dataset/xrf55/wifi/01_02_03.npy,1000,270000,1238,423,141,2691.610565624428,173067.82155808914,171611.06656718178,1100.52811486348,1072.494015142483,0.999471996273885,0.0026404169448009914,1066,0.004585185185185185,0.9915827507517427,0.9745266846504194
50,101,505.0,24,/home/test/bupt_hjk/sdp_dataset/xrf55/wifi/01_02_04.npy,1000,270000,817,346,97,1619.160007723195,168811.1605070987,167517.9846382182,1103.265760238938,1087.5072644557895,0.9997271430214374,0.0013868038370560235,769,0.003025925925925926,0.9923395120026668,0.9857165006374026
50,101,505.0,25,/home/test/bupt_hjk/sdp_dataset/xrf55/wifi/01_02_05.npy,1000,270000,1115,380,104,2656.150887790026,168789.9882174528,167654.86563186318,1158.3055590818303,1129.4732040153203,0.9994353986019695,0.0020106992881264354,943,0.00412962962962963,0.9932749412593878,0.975108161365154
50,101,505.0,26,/home/test/bupt_hjk/sdp_dataset/xrf55/wifi/01_02_06.npy,1000,270000,781,363,80,1705.7863696753257,174391.2452172639,173416.12456849279,1000.3509416305885,969.4984420265027,0.999682242174657,0.0013099995853932441,712,0.0028925925925925924,0.9944084311826762,0.9691583240239713
50,101,505.0,27,/home/test/bupt_hjk/sdp_dataset/xrf55/wifi/01_02_07.npy,1000,270000,875,324,81,2098.5013968681733,173927.1379518293,172738.79461838998,1167.8555753713856,1150.2348177867354,0.9995430254563472,0.0016237196985387265,759,0.0032407407407407406,0.9931675795540978,0.9849118692788305
50,101,505.0,28,/home/test/bupt_hjk/sdp_dataset/xrf55/wifi/01_02_08.npy,1000,270000,1330,390,122,2740.2146282750664,171808.1611936577,169729.14931965328,1125.2497177465789,1102.5883938656007,0.9995239129902987,0.0027156626770612215,1210,0.004925925925925926,0.9878992251615976,0.9798610712594892
50,101,505.0,29,/home/test/bupt_hjk/sdp_dataset/xrf55/wifi/01_02_09.npy,1000,270000,890,327,91,2274.553668724696,170159.80270982403,169147.18973326063,1085.2205561206733,1056.010648887351,0.9994479429713822,0.0024383911019737955,744,0.0032962962962962963,0.9940490470696524,0.9730838979518239
50,101,505.0,30,/home/test/bupt_hjk/sdp_dataset/xrf55/wifi/01_02_10.npy,1000,270000,958,359,111,2050.32238796346,169568.4043185268,168161.10585758125,1038.6828958505512,1017.6795107923251,0.9996189805604491,0.0016696296922361787,846,0.0035481481481481484,0.9917007035207928,0.979778828416129
