dataset,combo_id,model,status,test_acc,test_acc_pct,denoise,outliers,calibrate,normalize,interpolate,interpolation_method,source_file
Widar,widar_001,mlpmodel,ok,0.706060606060606,70.60606060606061,wavelet,iqr,linear,z-score,linear15,linear,SDP/test_wider/result/full_tests_new/widar_320_pipeline_optimized_mlpmodel_summary.csv
Widar,widar_002,mlpmodel,ok,0.7070707070707071,70.70707070707071,wavelet,iqr,linear,z-score,cubic15,cubic,SDP/test_wider/result/full_tests_new/widar_320_pipeline_optimized_mlpmodel_summary.csv
Widar,widar_003,mlpmodel,ok,0.705050505050505,70.5050505050505,wavelet,iqr,linear,z-score,nearest15,nearest,SDP/test_wider/result/full_tests_new/widar_320_pipeline_optimized_mlpmodel_summary.csv
Widar,widar_004,mlpmodel,ok,0.702020202020202,70.2020202020202,wavelet,iqr,linear,z-score,decimate15,decimate,SDP/test_wider/result/full_tests_new/widar_320_pipeline_optimized_mlpmodel_summary.csv
Widar,widar_005,mlpmodel,ok,0.694949494949495,69.4949494949495,wavelet,iqr,linear,min-max,linear15,linear,SDP/test_wider/result/full_tests_new/widar_320_pipeline_optimized_mlpmodel_summary.csv
Widar,widar_006,mlpmodel,ok,0.6787878787878788,67.87878787878789,wavelet,iqr,linear,min-max,cubic15,cubic,SDP/test_wider/result/full_tests_new/widar_320_pipeline_optimized_mlpmodel_summary.csv
Widar,widar_007,mlpmodel,ok,0.6626262626262627,66.26262626262627,wavelet,iqr,linear,min-max,nearest15,nearest,SDP/test_wider/result/full_tests_new/widar_320_pipeline_optimized_mlpmodel_summary.csv
Widar,widar_008,mlpmodel,ok,0.6777777777777778,67.77777777777779,wavelet,iqr,linear,min-max,decimate15,decimate,SDP/test_wider/result/full_tests_new/widar_320_pipeline_optimized_mlpmodel_summary.csv
Widar,widar_009,mlpmodel,ok,0.7070707070707071,70.70707070707071,wavelet,iqr,polynomial_d3,z-score,linear15,linear,SDP/test_wider/result/full_tests_new/widar_320_pipeline_optimized_mlpmodel_summary.csv
Widar,widar_010,mlpmodel,ok,0.7151515151515152,71.51515151515152,wavelet,iqr,polynomial_d3,z-score,cubic15,cubic,SDP/test_wider/result/full_tests_new/widar_320_pipeline_optimized_mlpmodel_summary.csv
Widar,widar_011,mlpmodel,ok,0.694949494949495,69.4949494949495,wavelet,iqr,polynomial_d3,z-score,nearest15,nearest,SDP/test_wider/result/full_tests_new/widar_320_pipeline_optimized_mlpmodel_summary.csv
Widar,widar_012,mlpmodel,ok,0.6989898989898989,69.8989898989899,wavelet,iqr,polynomial_d3,z-score,decimate15,decimate,SDP/test_wider/result/full_tests_new/widar_320_pipeline_optimized_mlpmodel_summary.csv
Widar,widar_013,mlpmodel,ok,0.6787878787878788,67.87878787878789,wavelet,iqr,polynomial_d3,min-max,linear15,linear,SDP/test_wider/result/full_tests_new/widar_320_pipeline_optimized_mlpmodel_summary.csv
Widar,widar_014,mlpmodel,ok,0.6595959595959596,65.95959595959596,wavelet,iqr,polynomial_d3,min-max,cubic15,cubic,SDP/test_wider/result/full_tests_new/widar_320_pipeline_optimized_mlpmodel_summary.csv
Widar,widar_015,mlpmodel,ok,0.6808080808080809,68.08080808080808,wavelet,iqr,polynomial_d3,min-max,nearest15,nearest,SDP/test_wider/result/full_tests_new/widar_320_pipeline_optimized_mlpmodel_summary.csv
Widar,widar_016,mlpmodel,ok,0.6494949494949495,64.94949494949495,wavelet,iqr,polynomial_d3,min-max,decimate15,decimate,SDP/test_wider/result/full_tests_new/widar_320_pipeline_optimized_mlpmodel_summary.csv
Widar,widar_017,mlpmodel,ok,0.6898989898989899,68.98989898989899,wavelet,iqr,stc,z-score,linear15,linear,SDP/test_wider/result/full_tests_new/widar_320_pipeline_optimized_mlpmodel_summary.csv
Widar,widar_018,mlpmodel,ok,0.6989898989898989,69.8989898989899,wavelet,iqr,stc,z-score,cubic15,cubic,SDP/test_wider/result/full_tests_new/widar_320_pipeline_optimized_mlpmodel_summary.csv
Widar,widar_019,mlpmodel,ok,0.695959595959596,69.5959595959596,wavelet,iqr,stc,z-score,nearest15,nearest,SDP/test_wider/result/full_tests_new/widar_320_pipeline_optimized_mlpmodel_summary.csv
Widar,widar_020,mlpmodel,ok,0.6989898989898989,69.8989898989899,wavelet,iqr,stc,z-score,decimate15,decimate,SDP/test_wider/result/full_tests_new/widar_320_pipeline_optimized_mlpmodel_summary.csv
Widar,widar_021,mlpmodel,ok,0.6818181818181818,68.18181818181817,wavelet,iqr,stc,min-max,linear15,linear,SDP/test_wider/result/full_tests_new/widar_320_pipeline_optimized_mlpmodel_summary.csv
Widar,widar_022,mlpmodel,ok,0.6808080808080809,68.08080808080808,wavelet,iqr,stc,min-max,cubic15,cubic,SDP/test_wider/result/full_tests_new/widar_320_pipeline_optimized_mlpmodel_summary.csv
Widar,widar_023,mlpmodel,ok,0.6595959595959596,65.95959595959596,wavelet,iqr,stc,min-max,nearest15,nearest,SDP/test_wider/result/full_tests_new/widar_320_pipeline_optimized_mlpmodel_summary.csv
Widar,widar_024,mlpmodel,ok,0.6747474747474748,67.47474747474747,wavelet,iqr,stc,min-max,decimate15,decimate,SDP/test_wider/result/full_tests_new/widar_320_pipeline_optimized_mlpmodel_summary.csv
Widar,widar_025,mlpmodel,ok,0.6373737373737374,63.73737373737374,wavelet,iqr,robust,z-score,linear15,linear,SDP/test_wider/result/full_tests_new/widar_320_pipeline_optimized_mlpmodel_summary.csv
Widar,widar_026,mlpmodel,ok,0.6353535353535353,63.535353535353536,wavelet,iqr,robust,z-score,cubic15,cubic,SDP/test_wider/result/full_tests_new/widar_320_pipeline_optimized_mlpmodel_summary.csv
Widar,widar_027,mlpmodel,ok,0.6292929292929293,62.929292929292934,wavelet,iqr,robust,z-score,nearest15,nearest,SDP/test_wider/result/full_tests_new/widar_320_pipeline_optimized_mlpmodel_summary.csv
Widar,widar_028,mlpmodel,ok,0.6585858585858586,65.85858585858585,wavelet,iqr,robust,z-score,decimate15,decimate,SDP/test_wider/result/full_tests_new/widar_320_pipeline_optimized_mlpmodel_summary.csv
Widar,widar_029,mlpmodel,ok,0.5383838383838384,53.83838383838384,wavelet,iqr,robust,min-max,linear15,linear,SDP/test_wider/result/full_tests_new/widar_320_pipeline_optimized_mlpmodel_summary.csv
Widar,widar_030,mlpmodel,ok,0.5454545454545454,54.54545454545454,wavelet,iqr,robust,min-max,cubic15,cubic,SDP/test_wider/result/full_tests_new/widar_320_pipeline_optimized_mlpmodel_summary.csv
Widar,widar_031,mlpmodel,ok,0.5565656565656566,55.65656565656566,wavelet,iqr,robust,min-max,nearest15,nearest,SDP/test_wider/result/full_tests_new/widar_320_pipeline_optimized_mlpmodel_summary.csv
Widar,widar_032,mlpmodel,ok,0.5191919191919192,51.91919191919192,wavelet,iqr,robust,min-max,decimate15,decimate,SDP/test_wider/result/full_tests_new/widar_320_pipeline_optimized_mlpmodel_summary.csv
Widar,widar_033,mlpmodel,ok,0.692929292929293,69.2929292929293,wavelet,outlier_z-score,linear,z-score,linear15,linear,SDP/test_wider/result/full_tests_new/widar_320_pipeline_optimized_mlpmodel_summary.csv
Widar,widar_034,mlpmodel,ok,0.702020202020202,70.2020202020202,wavelet,outlier_z-score,linear,z-score,cubic15,cubic,SDP/test_wider/result/full_tests_new/widar_320_pipeline_optimized_mlpmodel_summary.csv
Widar,widar_035,mlpmodel,ok,0.7151515151515152,71.51515151515152,wavelet,outlier_z-score,linear,z-score,nearest15,nearest,SDP/test_wider/result/full_tests_new/widar_320_pipeline_optimized_mlpmodel_summary.csv
Widar,widar_036,mlpmodel,ok,0.6868686868686869,68.68686868686868,wavelet,outlier_z-score,linear,z-score,decimate15,decimate,SDP/test_wider/result/full_tests_new/widar_320_pipeline_optimized_mlpmodel_summary.csv
Widar,widar_037,mlpmodel,ok,0.6868686868686869,68.68686868686868,wavelet,outlier_z-score,linear,min-max,linear15,linear,SDP/test_wider/result/full_tests_new/widar_320_pipeline_optimized_mlpmodel_summary.csv
Widar,widar_038,mlpmodel,ok,0.6595959595959596,65.95959595959596,wavelet,outlier_z-score,linear,min-max,cubic15,cubic,SDP/test_wider/result/full_tests_new/widar_320_pipeline_optimized_mlpmodel_summary.csv
Widar,widar_039,mlpmodel,ok,0.6646464646464646,66.46464646464646,wavelet,outlier_z-score,linear,min-max,nearest15,nearest,SDP/test_wider/result/full_tests_new/widar_320_pipeline_optimized_mlpmodel_summary.csv
Widar,widar_040,mlpmodel,ok,0.6585858585858586,65.85858585858585,wavelet,outlier_z-score,linear,min-max,decimate15,decimate,SDP/test_wider/result/full_tests_new/widar_320_pipeline_optimized_mlpmodel_summary.csv
Widar,widar_041,mlpmodel,ok,0.702020202020202,70.2020202020202,wavelet,outlier_z-score,polynomial_d3,z-score,linear15,linear,SDP/test_wider/result/full_tests_new/widar_320_pipeline_optimized_mlpmodel_summary.csv
Widar,widar_042,mlpmodel,ok,0.703030303030303,70.3030303030303,wavelet,outlier_z-score,polynomial_d3,z-score,cubic15,cubic,SDP/test_wider/result/full_tests_new/widar_320_pipeline_optimized_mlpmodel_summary.csv
Widar,widar_043,mlpmodel,ok,0.702020202020202,70.2020202020202,wavelet,outlier_z-score,polynomial_d3,z-score,nearest15,nearest,SDP/test_wider/result/full_tests_new/widar_320_pipeline_optimized_mlpmodel_summary.csv
Widar,widar_044,mlpmodel,ok,0.7070707070707071,70.70707070707071,wavelet,outlier_z-score,polynomial_d3,z-score,decimate15,decimate,SDP/test_wider/result/full_tests_new/widar_320_pipeline_optimized_mlpmodel_summary.csv
Widar,widar_045,mlpmodel,ok,0.6747474747474748,67.47474747474747,wavelet,outlier_z-score,polynomial_d3,min-max,linear15,linear,SDP/test_wider/result/full_tests_new/widar_320_pipeline_optimized_mlpmodel_summary.csv
Widar,widar_046,mlpmodel,ok,0.6656565656565656,66.56565656565657,wavelet,outlier_z-score,polynomial_d3,min-max,cubic15,cubic,SDP/test_wider/result/full_tests_new/widar_320_pipeline_optimized_mlpmodel_summary.csv
Widar,widar_047,mlpmodel,ok,0.6828282828282828,68.28282828282828,wavelet,outlier_z-score,polynomial_d3,min-max,nearest15,nearest,SDP/test_wider/result/full_tests_new/widar_320_pipeline_optimized_mlpmodel_summary.csv
Widar,widar_048,mlpmodel,ok,0.6595959595959596,65.95959595959596,wavelet,outlier_z-score,polynomial_d3,min-max,decimate15,decimate,SDP/test_wider/result/full_tests_new/widar_320_pipeline_optimized_mlpmodel_summary.csv
Widar,widar_049,mlpmodel,ok,0.697979797979798,69.7979797979798,wavelet,outlier_z-score,stc,z-score,linear15,linear,SDP/test_wider/result/full_tests_new/widar_320_pipeline_optimized_mlpmodel_summary.csv
Widar,widar_050,mlpmodel,ok,0.7,70.0,wavelet,outlier_z-score,stc,z-score,cubic15,cubic,SDP/test_wider/result/full_tests_new/widar_320_pipeline_optimized_mlpmodel_summary.csv
Widar,widar_051,mlpmodel,ok,0.7080808080808081,70.8080808080808,wavelet,outlier_z-score,stc,z-score,nearest15,nearest,SDP/test_wider/result/full_tests_new/widar_320_pipeline_optimized_mlpmodel_summary.csv
Widar,widar_052,mlpmodel,ok,0.6898989898989899,68.98989898989899,wavelet,outlier_z-score,stc,z-score,decimate15,decimate,SDP/test_wider/result/full_tests_new/widar_320_pipeline_optimized_mlpmodel_summary.csv
Widar,widar_053,mlpmodel,ok,0.6747474747474748,67.47474747474747,wavelet,outlier_z-score,stc,min-max,linear15,linear,SDP/test_wider/result/full_tests_new/widar_320_pipeline_optimized_mlpmodel_summary.csv
Widar,widar_054,mlpmodel,ok,0.6737373737373737,67.37373737373737,wavelet,outlier_z-score,stc,min-max,cubic15,cubic,SDP/test_wider/result/full_tests_new/widar_320_pipeline_optimized_mlpmodel_summary.csv
Widar,widar_055,mlpmodel,ok,0.6727272727272727,67.27272727272727,wavelet,outlier_z-score,stc,min-max,nearest15,nearest,SDP/test_wider/result/full_tests_new/widar_320_pipeline_optimized_mlpmodel_summary.csv
Widar,widar_056,mlpmodel,ok,0.6555555555555556,65.55555555555556,wavelet,outlier_z-score,stc,min-max,decimate15,decimate,SDP/test_wider/result/full_tests_new/widar_320_pipeline_optimized_mlpmodel_summary.csv
Widar,widar_057,mlpmodel,ok,0.6616161616161617,66.16161616161617,wavelet,outlier_z-score,robust,z-score,linear15,linear,SDP/test_wider/result/full_tests_new/widar_320_pipeline_optimized_mlpmodel_summary.csv
Widar,widar_058,mlpmodel,ok,0.6565656565656566,65.65656565656566,wavelet,outlier_z-score,robust,z-score,cubic15,cubic,SDP/test_wider/result/full_tests_new/widar_320_pipeline_optimized_mlpmodel_summary.csv
Widar,widar_059,mlpmodel,ok,0.6343434343434343,63.43434343434343,wavelet,outlier_z-score,robust,z-score,nearest15,nearest,SDP/test_wider/result/full_tests_new/widar_320_pipeline_optimized_mlpmodel_summary.csv
Widar,widar_060,mlpmodel,ok,0.6515151515151515,65.15151515151516,wavelet,outlier_z-score,robust,z-score,decimate15,decimate,SDP/test_wider/result/full_tests_new/widar_320_pipeline_optimized_mlpmodel_summary.csv
Widar,widar_061,mlpmodel,ok,0.5626262626262626,56.262626262626256,wavelet,outlier_z-score,robust,min-max,linear15,linear,SDP/test_wider/result/full_tests_new/widar_320_pipeline_optimized_mlpmodel_summary.csv
Widar,widar_062,mlpmodel,ok,0.5434343434343434,54.34343434343434,wavelet,outlier_z-score,robust,min-max,cubic15,cubic,SDP/test_wider/result/full_tests_new/widar_320_pipeline_optimized_mlpmodel_summary.csv
Widar,widar_063,mlpmodel,ok,0.5525252525252525,55.25252525252525,wavelet,outlier_z-score,robust,min-max,nearest15,nearest,SDP/test_wider/result/full_tests_new/widar_320_pipeline_optimized_mlpmodel_summary.csv
Widar,widar_064,mlpmodel,ok,0.5434343434343434,54.34343434343434,wavelet,outlier_z-score,robust,min-max,decimate15,decimate,SDP/test_wider/result/full_tests_new/widar_320_pipeline_optimized_mlpmodel_summary.csv
Widar,widar_065,mlpmodel,ok,0.7171717171717171,71.71717171717171,butterworth_o5_c0.3,iqr,linear,z-score,linear15,linear,SDP/test_wider/result/full_tests_new/widar_320_pipeline_optimized_mlpmodel_summary.csv
Widar,widar_066,mlpmodel,ok,0.7272727272727273,72.72727272727273,butterworth_o5_c0.3,iqr,linear,z-score,cubic15,cubic,SDP/test_wider/result/full_tests_new/widar_320_pipeline_optimized_mlpmodel_summary.csv
Widar,widar_067,mlpmodel,ok,0.7343434343434343,73.43434343434343,butterworth_o5_c0.3,iqr,linear,z-score,nearest15,nearest,SDP/test_wider/result/full_tests_new/widar_320_pipeline_optimized_mlpmodel_summary.csv
Widar,widar_068,mlpmodel,ok,0.7535353535353535,75.35353535353535,butterworth_o5_c0.3,iqr,linear,z-score,decimate15,decimate,SDP/test_wider/result/full_tests_new/widar_320_pipeline_optimized_mlpmodel_summary.csv
Widar,widar_069,mlpmodel,ok,0.7111111111111111,71.11111111111111,butterworth_o5_c0.3,iqr,linear,min-max,linear15,linear,SDP/test_wider/result/full_tests_new/widar_320_pipeline_optimized_mlpmodel_summary.csv
Widar,widar_070,mlpmodel,ok,0.7212121212121212,72.12121212121212,butterworth_o5_c0.3,iqr,linear,min-max,cubic15,cubic,SDP/test_wider/result/full_tests_new/widar_320_pipeline_optimized_mlpmodel_summary.csv
Widar,widar_071,mlpmodel,ok,0.7161616161616161,71.6161616161616,butterworth_o5_c0.3,iqr,linear,min-max,nearest15,nearest,SDP/test_wider/result/full_tests_new/widar_320_pipeline_optimized_mlpmodel_summary.csv
Widar,widar_072,mlpmodel,ok,0.705050505050505,70.5050505050505,butterworth_o5_c0.3,iqr,linear,min-max,decimate15,decimate,SDP/test_wider/result/full_tests_new/widar_320_pipeline_optimized_mlpmodel_summary.csv
Widar,widar_073,mlpmodel,ok,0.7242424242424242,72.42424242424242,butterworth_o5_c0.3,iqr,polynomial_d3,z-score,linear15,linear,SDP/test_wider/result/full_tests_new/widar_320_pipeline_optimized_mlpmodel_summary.csv
Widar,widar_074,mlpmodel,ok,0.7161616161616161,71.6161616161616,butterworth_o5_c0.3,iqr,polynomial_d3,z-score,cubic15,cubic,SDP/test_wider/result/full_tests_new/widar_320_pipeline_optimized_mlpmodel_summary.csv
Widar,widar_075,mlpmodel,ok,0.7303030303030303,73.03030303030303,butterworth_o5_c0.3,iqr,polynomial_d3,z-score,nearest15,nearest,SDP/test_wider/result/full_tests_new/widar_320_pipeline_optimized_mlpmodel_summary.csv
Widar,widar_076,mlpmodel,ok,0.7252525252525253,72.52525252525253,butterworth_o5_c0.3,iqr,polynomial_d3,z-score,decimate15,decimate,SDP/test_wider/result/full_tests_new/widar_320_pipeline_optimized_mlpmodel_summary.csv
Widar,widar_077,mlpmodel,ok,0.7212121212121212,72.12121212121212,butterworth_o5_c0.3,iqr,polynomial_d3,min-max,linear15,linear,SDP/test_wider/result/full_tests_new/widar_320_pipeline_optimized_mlpmodel_summary.csv
Widar,widar_078,mlpmodel,ok,0.7242424242424242,72.42424242424242,butterworth_o5_c0.3,iqr,polynomial_d3,min-max,cubic15,cubic,SDP/test_wider/result/full_tests_new/widar_320_pipeline_optimized_mlpmodel_summary.csv
Widar,widar_079,mlpmodel,ok,0.7121212121212122,71.21212121212122,butterworth_o5_c0.3,iqr,polynomial_d3,min-max,nearest15,nearest,SDP/test_wider/result/full_tests_new/widar_320_pipeline_optimized_mlpmodel_summary.csv
Widar,widar_080,mlpmodel,ok,0.7212121212121212,72.12121212121212,butterworth_o5_c0.3,iqr,polynomial_d3,min-max,decimate15,decimate,SDP/test_wider/result/full_tests_new/widar_320_pipeline_optimized_mlpmodel_summary.csv
Widar,widar_081,mlpmodel,ok,0.7202020202020202,72.02020202020202,butterworth_o5_c0.3,iqr,stc,z-score,linear15,linear,SDP/test_wider/result/full_tests_new/widar_320_pipeline_optimized_mlpmodel_summary.csv
Widar,widar_082,mlpmodel,ok,0.7343434343434343,73.43434343434343,butterworth_o5_c0.3,iqr,stc,z-score,cubic15,cubic,SDP/test_wider/result/full_tests_new/widar_320_pipeline_optimized_mlpmodel_summary.csv
Widar,widar_083,mlpmodel,ok,0.7333333333333333,73.33333333333333,butterworth_o5_c0.3,iqr,stc,z-score,nearest15,nearest,SDP/test_wider/result/full_tests_new/widar_320_pipeline_optimized_mlpmodel_summary.csv
Widar,widar_084,mlpmodel,ok,0.7444444444444445,74.44444444444444,butterworth_o5_c0.3,iqr,stc,z-score,decimate15,decimate,SDP/test_wider/result/full_tests_new/widar_320_pipeline_optimized_mlpmodel_summary.csv
Widar,widar_085,mlpmodel,ok,0.696969696969697,69.6969696969697,butterworth_o5_c0.3,iqr,stc,min-max,linear15,linear,SDP/test_wider/result/full_tests_new/widar_320_pipeline_optimized_mlpmodel_summary.csv
Widar,widar_086,mlpmodel,ok,0.702020202020202,70.2020202020202,butterworth_o5_c0.3,iqr,stc,min-max,cubic15,cubic,SDP/test_wider/result/full_tests_new/widar_320_pipeline_optimized_mlpmodel_summary.csv
Widar,widar_087,mlpmodel,ok,0.6686868686868687,66.86868686868686,butterworth_o5_c0.3,iqr,stc,min-max,nearest15,nearest,SDP/test_wider/result/full_tests_new/widar_320_pipeline_optimized_mlpmodel_summary.csv
Widar,widar_088,mlpmodel,ok,0.7121212121212122,71.21212121212122,butterworth_o5_c0.3,iqr,stc,min-max,decimate15,decimate,SDP/test_wider/result/full_tests_new/widar_320_pipeline_optimized_mlpmodel_summary.csv
Widar,widar_089,mlpmodel,ok,0.6121212121212121,61.212121212121204,butterworth_o5_c0.3,iqr,robust,z-score,linear15,linear,SDP/test_wider/result/full_tests_new/widar_320_pipeline_optimized_mlpmodel_summary.csv
Widar,widar_090,mlpmodel,ok,0.6161616161616161,61.61616161616161,butterworth_o5_c0.3,iqr,robust,z-score,cubic15,cubic,SDP/test_wider/result/full_tests_new/widar_320_pipeline_optimized_mlpmodel_summary.csv
Widar,widar_091,mlpmodel,ok,0.603030303030303,60.303030303030305,butterworth_o5_c0.3,iqr,robust,z-score,nearest15,nearest,SDP/test_wider/result/full_tests_new/widar_320_pipeline_optimized_mlpmodel_summary.csv
Widar,widar_092,mlpmodel,ok,0.6404040404040404,64.04040404040404,butterworth_o5_c0.3,iqr,robust,z-score,decimate15,decimate,SDP/test_wider/result/full_tests_new/widar_320_pipeline_optimized_mlpmodel_summary.csv
Widar,widar_093,mlpmodel,ok,0.5454545454545454,54.54545454545454,butterworth_o5_c0.3,iqr,robust,min-max,linear15,linear,SDP/test_wider/result/full_tests_new/widar_320_pipeline_optimized_mlpmodel_summary.csv
Widar,widar_094,mlpmodel,ok,0.5383838383838384,53.83838383838384,butterworth_o5_c0.3,iqr,robust,min-max,cubic15,cubic,SDP/test_wider/result/full_tests_new/widar_320_pipeline_optimized_mlpmodel_summary.csv
Widar,widar_095,mlpmodel,ok,0.5505050505050505,55.05050505050505,butterworth_o5_c0.3,iqr,robust,min-max,nearest15,nearest,SDP/test_wider/result/full_tests_new/widar_320_pipeline_optimized_mlpmodel_summary.csv
Widar,widar_096,mlpmodel,ok,0.5323232323232323,53.23232323232323,butterworth_o5_c0.3,iqr,robust,min-max,decimate15,decimate,SDP/test_wider/result/full_tests_new/widar_320_pipeline_optimized_mlpmodel_summary.csv
Widar,widar_097,mlpmodel,ok,0.7343434343434343,73.43434343434343,butterworth_o5_c0.3,outlier_z-score,linear,z-score,linear15,linear,SDP/test_wider/result/full_tests_new/widar_320_pipeline_optimized_mlpmodel_summary.csv
Widar,widar_098,mlpmodel,ok,0.7373737373737373,73.73737373737373,butterworth_o5_c0.3,outlier_z-score,linear,z-score,cubic15,cubic,SDP/test_wider/result/full_tests_new/widar_320_pipeline_optimized_mlpmodel_summary.csv
Widar,widar_099,mlpmodel,ok,0.7292929292929293,72.92929292929293,butterworth_o5_c0.3,outlier_z-score,linear,z-score,nearest15,nearest,SDP/test_wider/result/full_tests_new/widar_320_pipeline_optimized_mlpmodel_summary.csv
Widar,widar_100,mlpmodel,ok,0.7212121212121212,72.12121212121212,butterworth_o5_c0.3,outlier_z-score,linear,z-score,decimate15,decimate,SDP/test_wider/result/full_tests_new/widar_320_pipeline_optimized_mlpmodel_summary.csv
Widar,widar_101,mlpmodel,ok,0.7181818181818181,71.81818181818181,butterworth_o5_c0.3,outlier_z-score,linear,min-max,linear15,linear,SDP/test_wider/result/full_tests_new/widar_320_pipeline_optimized_mlpmodel_summary.csv
Widar,widar_102,mlpmodel,ok,0.696969696969697,69.6969696969697,butterworth_o5_c0.3,outlier_z-score,linear,min-max,cubic15,cubic,SDP/test_wider/result/full_tests_new/widar_320_pipeline_optimized_mlpmodel_summary.csv
Widar,widar_103,mlpmodel,ok,0.7353535353535353,73.53535353535354,butterworth_o5_c0.3,outlier_z-score,linear,min-max,nearest15,nearest,SDP/test_wider/result/full_tests_new/widar_320_pipeline_optimized_mlpmodel_summary.csv
Widar,widar_104,mlpmodel,ok,0.702020202020202,70.2020202020202,butterworth_o5_c0.3,outlier_z-score,linear,min-max,decimate15,decimate,SDP/test_wider/result/full_tests_new/widar_320_pipeline_optimized_mlpmodel_summary.csv
Widar,widar_105,mlpmodel,ok,0.7282828282828283,72.82828282828284,butterworth_o5_c0.3,outlier_z-score,polynomial_d3,z-score,linear15,linear,SDP/test_wider/result/full_tests_new/widar_320_pipeline_optimized_mlpmodel_summary.csv
Widar,widar_106,mlpmodel,ok,0.7242424242424242,72.42424242424242,butterworth_o5_c0.3,outlier_z-score,polynomial_d3,z-score,cubic15,cubic,SDP/test_wider/result/full_tests_new/widar_320_pipeline_optimized_mlpmodel_summary.csv
Widar,widar_107,mlpmodel,ok,0.7080808080808081,70.8080808080808,butterworth_o5_c0.3,outlier_z-score,polynomial_d3,z-score,nearest15,nearest,SDP/test_wider/result/full_tests_new/widar_320_pipeline_optimized_mlpmodel_summary.csv
Widar,widar_108,mlpmodel,ok,0.7232323232323232,72.32323232323232,butterworth_o5_c0.3,outlier_z-score,polynomial_d3,z-score,decimate15,decimate,SDP/test_wider/result/full_tests_new/widar_320_pipeline_optimized_mlpmodel_summary.csv
Widar,widar_109,mlpmodel,ok,0.692929292929293,69.2929292929293,butterworth_o5_c0.3,outlier_z-score,polynomial_d3,min-max,linear15,linear,SDP/test_wider/result/full_tests_new/widar_320_pipeline_optimized_mlpmodel_summary.csv
Widar,widar_110,mlpmodel,ok,0.696969696969697,69.6969696969697,butterworth_o5_c0.3,outlier_z-score,polynomial_d3,min-max,cubic15,cubic,SDP/test_wider/result/full_tests_new/widar_320_pipeline_optimized_mlpmodel_summary.csv
Widar,widar_111,mlpmodel,ok,0.6797979797979798,67.97979797979798,butterworth_o5_c0.3,outlier_z-score,polynomial_d3,min-max,nearest15,nearest,SDP/test_wider/result/full_tests_new/widar_320_pipeline_optimized_mlpmodel_summary.csv
Widar,widar_112,mlpmodel,ok,0.7,70.0,butterworth_o5_c0.3,outlier_z-score,polynomial_d3,min-max,decimate15,decimate,SDP/test_wider/result/full_tests_new/widar_320_pipeline_optimized_mlpmodel_summary.csv
Widar,widar_113,mlpmodel,ok,0.7191919191919192,71.91919191919192,butterworth_o5_c0.3,outlier_z-score,stc,z-score,linear15,linear,SDP/test_wider/result/full_tests_new/widar_320_pipeline_optimized_mlpmodel_summary.csv
Widar,widar_114,mlpmodel,ok,0.7393939393939394,73.93939393939394,butterworth_o5_c0.3,outlier_z-score,stc,z-score,cubic15,cubic,SDP/test_wider/result/full_tests_new/widar_320_pipeline_optimized_mlpmodel_summary.csv
Widar,widar_115,mlpmodel,ok,0.7474747474747475,74.74747474747475,butterworth_o5_c0.3,outlier_z-score,stc,z-score,nearest15,nearest,SDP/test_wider/result/full_tests_new/widar_320_pipeline_optimized_mlpmodel_summary.csv
Widar,widar_116,mlpmodel,ok,0.7494949494949495,74.94949494949495,butterworth_o5_c0.3,outlier_z-score,stc,z-score,decimate15,decimate,SDP/test_wider/result/full_tests_new/widar_320_pipeline_optimized_mlpmodel_summary.csv
Widar,widar_117,mlpmodel,ok,0.7252525252525253,72.52525252525253,butterworth_o5_c0.3,outlier_z-score,stc,min-max,linear15,linear,SDP/test_wider/result/full_tests_new/widar_320_pipeline_optimized_mlpmodel_summary.csv
Widar,widar_118,mlpmodel,ok,0.7101010101010101,71.01010101010101,butterworth_o5_c0.3,outlier_z-score,stc,min-max,cubic15,cubic,SDP/test_wider/result/full_tests_new/widar_320_pipeline_optimized_mlpmodel_summary.csv
Widar,widar_119,mlpmodel,ok,0.7252525252525253,72.52525252525253,butterworth_o5_c0.3,outlier_z-score,stc,min-max,nearest15,nearest,SDP/test_wider/result/full_tests_new/widar_320_pipeline_optimized_mlpmodel_summary.csv
Widar,widar_120,mlpmodel,ok,0.702020202020202,70.2020202020202,butterworth_o5_c0.3,outlier_z-score,stc,min-max,decimate15,decimate,SDP/test_wider/result/full_tests_new/widar_320_pipeline_optimized_mlpmodel_summary.csv
Widar,widar_121,mlpmodel,ok,0.6141414141414141,61.41414141414141,butterworth_o5_c0.3,outlier_z-score,robust,z-score,linear15,linear,SDP/test_wider/result/full_tests_new/widar_320_pipeline_optimized_mlpmodel_summary.csv
Widar,widar_122,mlpmodel,ok,0.6131313131313131,61.31313131313131,butterworth_o5_c0.3,outlier_z-score,robust,z-score,cubic15,cubic,SDP/test_wider/result/full_tests_new/widar_320_pipeline_optimized_mlpmodel_summary.csv
Widar,widar_123,mlpmodel,ok,0.6161616161616161,61.61616161616161,butterworth_o5_c0.3,outlier_z-score,robust,z-score,nearest15,nearest,SDP/test_wider/result/full_tests_new/widar_320_pipeline_optimized_mlpmodel_summary.csv
Widar,widar_124,mlpmodel,ok,0.6535353535353535,65.35353535353535,butterworth_o5_c0.3,outlier_z-score,robust,z-score,decimate15,decimate,SDP/test_wider/result/full_tests_new/widar_320_pipeline_optimized_mlpmodel_summary.csv
Widar,widar_125,mlpmodel,ok,0.5383838383838384,53.83838383838384,butterworth_o5_c0.3,outlier_z-score,robust,min-max,linear15,linear,SDP/test_wider/result/full_tests_new/widar_320_pipeline_optimized_mlpmodel_summary.csv
Widar,widar_126,mlpmodel,ok,0.5535353535353535,55.35353535353536,butterworth_o5_c0.3,outlier_z-score,robust,min-max,cubic15,cubic,SDP/test_wider/result/full_tests_new/widar_320_pipeline_optimized_mlpmodel_summary.csv
Widar,widar_127,mlpmodel,ok,0.5505050505050505,55.05050505050505,butterworth_o5_c0.3,outlier_z-score,robust,min-max,nearest15,nearest,SDP/test_wider/result/full_tests_new/widar_320_pipeline_optimized_mlpmodel_summary.csv
Widar,widar_128,mlpmodel,ok,0.5565656565656566,55.65656565656566,butterworth_o5_c0.3,outlier_z-score,robust,min-max,decimate15,decimate,SDP/test_wider/result/full_tests_new/widar_320_pipeline_optimized_mlpmodel_summary.csv
Widar,widar_129,mlpmodel,ok,0.7505050505050505,75.05050505050505,savgol_w7_p3,iqr,linear,z-score,linear15,linear,SDP/test_wider/result/full_tests_new/widar_320_pipeline_optimized_mlpmodel_summary.csv
Widar,widar_130,mlpmodel,ok,0.7606060606060606,76.06060606060606,savgol_w7_p3,iqr,linear,z-score,cubic15,cubic,SDP/test_wider/result/full_tests_new/widar_320_pipeline_optimized_mlpmodel_summary.csv
Widar,widar_131,mlpmodel,ok,0.7555555555555555,75.55555555555556,savgol_w7_p3,iqr,linear,z-score,nearest15,nearest,SDP/test_wider/result/full_tests_new/widar_320_pipeline_optimized_mlpmodel_summary.csv
Widar,widar_132,mlpmodel,ok,0.7646464646464647,76.46464646464646,savgol_w7_p3,iqr,linear,z-score,decimate15,decimate,SDP/test_wider/result/full_tests_new/widar_320_pipeline_optimized_mlpmodel_summary.csv
Widar,widar_133,mlpmodel,ok,0.7090909090909091,70.9090909090909,savgol_w7_p3,iqr,linear,min-max,linear15,linear,SDP/test_wider/result/full_tests_new/widar_320_pipeline_optimized_mlpmodel_summary.csv
Widar,widar_134,mlpmodel,ok,0.6898989898989899,68.98989898989899,savgol_w7_p3,iqr,linear,min-max,cubic15,cubic,SDP/test_wider/result/full_tests_new/widar_320_pipeline_optimized_mlpmodel_summary.csv
Widar,widar_135,mlpmodel,ok,0.695959595959596,69.5959595959596,savgol_w7_p3,iqr,linear,min-max,nearest15,nearest,SDP/test_wider/result/full_tests_new/widar_320_pipeline_optimized_mlpmodel_summary.csv
Widar,widar_136,mlpmodel,ok,0.6767676767676768,67.67676767676768,savgol_w7_p3,iqr,linear,min-max,decimate15,decimate,SDP/test_wider/result/full_tests_new/widar_320_pipeline_optimized_mlpmodel_summary.csv
Widar,widar_137,mlpmodel,ok,0.7505050505050505,75.05050505050505,savgol_w7_p3,iqr,polynomial_d3,z-score,linear15,linear,SDP/test_wider/result/full_tests_new/widar_320_pipeline_optimized_mlpmodel_summary.csv
Widar,widar_138,mlpmodel,ok,0.7606060606060606,76.06060606060606,savgol_w7_p3,iqr,polynomial_d3,z-score,cubic15,cubic,SDP/test_wider/result/full_tests_new/widar_320_pipeline_optimized_mlpmodel_summary.csv
Widar,widar_139,mlpmodel,ok,0.7424242424242424,74.24242424242425,savgol_w7_p3,iqr,polynomial_d3,z-score,nearest15,nearest,SDP/test_wider/result/full_tests_new/widar_320_pipeline_optimized_mlpmodel_summary.csv
Widar,widar_140,mlpmodel,ok,0.7545454545454545,75.45454545454545,savgol_w7_p3,iqr,polynomial_d3,z-score,decimate15,decimate,SDP/test_wider/result/full_tests_new/widar_320_pipeline_optimized_mlpmodel_summary.csv
Widar,widar_141,mlpmodel,ok,0.7080808080808081,70.8080808080808,savgol_w7_p3,iqr,polynomial_d3,min-max,linear15,linear,SDP/test_wider/result/full_tests_new/widar_320_pipeline_optimized_mlpmodel_summary.csv
Widar,widar_142,mlpmodel,ok,0.7272727272727273,72.72727272727273,savgol_w7_p3,iqr,polynomial_d3,min-max,cubic15,cubic,SDP/test_wider/result/full_tests_new/widar_320_pipeline_optimized_mlpmodel_summary.csv
Widar,widar_143,mlpmodel,ok,0.7161616161616161,71.6161616161616,savgol_w7_p3,iqr,polynomial_d3,min-max,nearest15,nearest,SDP/test_wider/result/full_tests_new/widar_320_pipeline_optimized_mlpmodel_summary.csv
Widar,widar_144,mlpmodel,ok,0.696969696969697,69.6969696969697,savgol_w7_p3,iqr,polynomial_d3,min-max,decimate15,decimate,SDP/test_wider/result/full_tests_new/widar_320_pipeline_optimized_mlpmodel_summary.csv
Widar,widar_145,mlpmodel,ok,0.7585858585858586,75.85858585858585,savgol_w7_p3,iqr,stc,z-score,linear15,linear,SDP/test_wider/result/full_tests_new/widar_320_pipeline_optimized_mlpmodel_summary.csv
Widar,widar_146,mlpmodel,ok,0.7535353535353535,75.35353535353535,savgol_w7_p3,iqr,stc,z-score,cubic15,cubic,SDP/test_wider/result/full_tests_new/widar_320_pipeline_optimized_mlpmodel_summary.csv
Widar,widar_147,mlpmodel,ok,0.7424242424242424,74.24242424242425,savgol_w7_p3,iqr,stc,z-score,nearest15,nearest,SDP/test_wider/result/full_tests_new/widar_320_pipeline_optimized_mlpmodel_summary.csv
Widar,widar_148,mlpmodel,ok,0.7525252525252525,75.25252525252525,savgol_w7_p3,iqr,stc,z-score,decimate15,decimate,SDP/test_wider/result/full_tests_new/widar_320_pipeline_optimized_mlpmodel_summary.csv
Widar,widar_149,mlpmodel,ok,0.6898989898989899,68.98989898989899,savgol_w7_p3,iqr,stc,min-max,linear15,linear,SDP/test_wider/result/full_tests_new/widar_320_pipeline_optimized_mlpmodel_summary.csv
Widar,widar_150,mlpmodel,ok,0.6828282828282828,68.28282828282828,savgol_w7_p3,iqr,stc,min-max,cubic15,cubic,SDP/test_wider/result/full_tests_new/widar_320_pipeline_optimized_mlpmodel_summary.csv
Widar,widar_151,mlpmodel,ok,0.704040404040404,70.4040404040404,savgol_w7_p3,iqr,stc,min-max,nearest15,nearest,SDP/test_wider/result/full_tests_new/widar_320_pipeline_optimized_mlpmodel_summary.csv
Widar,widar_152,mlpmodel,ok,0.695959595959596,69.5959595959596,savgol_w7_p3,iqr,stc,min-max,decimate15,decimate,SDP/test_wider/result/full_tests_new/widar_320_pipeline_optimized_mlpmodel_summary.csv
Widar,widar_153,mlpmodel,ok,0.6191919191919192,61.91919191919192,savgol_w7_p3,iqr,robust,z-score,linear15,linear,SDP/test_wider/result/full_tests_new/widar_320_pipeline_optimized_mlpmodel_summary.csv
Widar,widar_154,mlpmodel,ok,0.6181818181818182,61.81818181818181,savgol_w7_p3,iqr,robust,z-score,cubic15,cubic,SDP/test_wider/result/full_tests_new/widar_320_pipeline_optimized_mlpmodel_summary.csv
Widar,widar_155,mlpmodel,ok,0.6343434343434343,63.43434343434343,savgol_w7_p3,iqr,robust,z-score,nearest15,nearest,SDP/test_wider/result/full_tests_new/widar_320_pipeline_optimized_mlpmodel_summary.csv
Widar,widar_156,mlpmodel,ok,0.6444444444444445,64.44444444444444,savgol_w7_p3,iqr,robust,z-score,decimate15,decimate,SDP/test_wider/result/full_tests_new/widar_320_pipeline_optimized_mlpmodel_summary.csv
Widar,widar_157,mlpmodel,ok,0.5414141414141415,54.141414141414145,savgol_w7_p3,iqr,robust,min-max,linear15,linear,SDP/test_wider/result/full_tests_new/widar_320_pipeline_optimized_mlpmodel_summary.csv
Widar,widar_158,mlpmodel,ok,0.5292929292929293,52.92929292929293,savgol_w7_p3,iqr,robust,min-max,cubic15,cubic,SDP/test_wider/result/full_tests_new/widar_320_pipeline_optimized_mlpmodel_summary.csv
Widar,widar_159,mlpmodel,ok,0.5484848484848485,54.848484848484844,savgol_w7_p3,iqr,robust,min-max,nearest15,nearest,SDP/test_wider/result/full_tests_new/widar_320_pipeline_optimized_mlpmodel_summary.csv
Widar,widar_160,mlpmodel,ok,0.5444444444444444,54.44444444444444,savgol_w7_p3,iqr,robust,min-max,decimate15,decimate,SDP/test_wider/result/full_tests_new/widar_320_pipeline_optimized_mlpmodel_summary.csv
Widar,widar_161,mlpmodel,ok,0.7515151515151515,75.15151515151514,savgol_w7_p3,outlier_z-score,linear,z-score,linear15,linear,SDP/test_wider/result/full_tests_new/widar_320_pipeline_optimized_mlpmodel_summary.csv
Widar,widar_162,mlpmodel,ok,0.7585858585858586,75.85858585858585,savgol_w7_p3,outlier_z-score,linear,z-score,cubic15,cubic,SDP/test_wider/result/full_tests_new/widar_320_pipeline_optimized_mlpmodel_summary.csv
Widar,widar_163,mlpmodel,ok,0.7666666666666667,76.66666666666667,savgol_w7_p3,outlier_z-score,linear,z-score,nearest15,nearest,SDP/test_wider/result/full_tests_new/widar_320_pipeline_optimized_mlpmodel_summary.csv
Widar,widar_164,mlpmodel,ok,0.7616161616161616,76.16161616161617,savgol_w7_p3,outlier_z-score,linear,z-score,decimate15,decimate,SDP/test_wider/result/full_tests_new/widar_320_pipeline_optimized_mlpmodel_summary.csv
Widar,widar_165,mlpmodel,ok,0.7414141414141414,74.14141414141415,savgol_w7_p3,outlier_z-score,linear,min-max,linear15,linear,SDP/test_wider/result/full_tests_new/widar_320_pipeline_optimized_mlpmodel_summary.csv
Widar,widar_166,mlpmodel,ok,0.7191919191919192,71.91919191919192,savgol_w7_p3,outlier_z-score,linear,min-max,cubic15,cubic,SDP/test_wider/result/full_tests_new/widar_320_pipeline_optimized_mlpmodel_summary.csv
Widar,widar_167,mlpmodel,ok,0.697979797979798,69.7979797979798,savgol_w7_p3,outlier_z-score,linear,min-max,nearest15,nearest,SDP/test_wider/result/full_tests_new/widar_320_pipeline_optimized_mlpmodel_summary.csv
Widar,widar_168,mlpmodel,ok,0.7232323232323232,72.32323232323232,savgol_w7_p3,outlier_z-score,linear,min-max,decimate15,decimate,SDP/test_wider/result/full_tests_new/widar_320_pipeline_optimized_mlpmodel_summary.csv
Widar,widar_169,mlpmodel,ok,0.7494949494949495,74.94949494949495,savgol_w7_p3,outlier_z-score,polynomial_d3,z-score,linear15,linear,SDP/test_wider/result/full_tests_new/widar_320_pipeline_optimized_mlpmodel_summary.csv
Widar,widar_170,mlpmodel,ok,0.7444444444444445,74.44444444444444,savgol_w7_p3,outlier_z-score,polynomial_d3,z-score,cubic15,cubic,SDP/test_wider/result/full_tests_new/widar_320_pipeline_optimized_mlpmodel_summary.csv
Widar,widar_171,mlpmodel,ok,0.7404040404040404,74.04040404040404,savgol_w7_p3,outlier_z-score,polynomial_d3,z-score,nearest15,nearest,SDP/test_wider/result/full_tests_new/widar_320_pipeline_optimized_mlpmodel_summary.csv
Widar,widar_172,mlpmodel,ok,0.7323232323232324,73.23232323232324,savgol_w7_p3,outlier_z-score,polynomial_d3,z-score,decimate15,decimate,SDP/test_wider/result/full_tests_new/widar_320_pipeline_optimized_mlpmodel_summary.csv
Widar,widar_173,mlpmodel,ok,0.6858585858585858,68.58585858585859,savgol_w7_p3,outlier_z-score,polynomial_d3,min-max,linear15,linear,SDP/test_wider/result/full_tests_new/widar_320_pipeline_optimized_mlpmodel_summary.csv
Widar,widar_174,mlpmodel,ok,0.701010101010101,70.1010101010101,savgol_w7_p3,outlier_z-score,polynomial_d3,min-max,cubic15,cubic,SDP/test_wider/result/full_tests_new/widar_320_pipeline_optimized_mlpmodel_summary.csv
Widar,widar_175,mlpmodel,ok,0.6919191919191919,69.1919191919192,savgol_w7_p3,outlier_z-score,polynomial_d3,min-max,nearest15,nearest,SDP/test_wider/result/full_tests_new/widar_320_pipeline_optimized_mlpmodel_summary.csv
Widar,widar_176,mlpmodel,ok,0.6878787878787879,68.78787878787878,savgol_w7_p3,outlier_z-score,polynomial_d3,min-max,decimate15,decimate,SDP/test_wider/result/full_tests_new/widar_320_pipeline_optimized_mlpmodel_summary.csv
Widar,widar_177,mlpmodel,ok,0.7444444444444445,74.44444444444444,savgol_w7_p3,outlier_z-score,stc,z-score,linear15,linear,SDP/test_wider/result/full_tests_new/widar_320_pipeline_optimized_mlpmodel_summary.csv
Widar,widar_178,mlpmodel,ok,0.7343434343434343,73.43434343434343,savgol_w7_p3,outlier_z-score,stc,z-score,cubic15,cubic,SDP/test_wider/result/full_tests_new/widar_320_pipeline_optimized_mlpmodel_summary.csv
Widar,widar_179,mlpmodel,ok,0.7505050505050505,75.05050505050505,savgol_w7_p3,outlier_z-score,stc,z-score,nearest15,nearest,SDP/test_wider/result/full_tests_new/widar_320_pipeline_optimized_mlpmodel_summary.csv
Widar,widar_180,mlpmodel,ok,0.7525252525252525,75.25252525252525,savgol_w7_p3,outlier_z-score,stc,z-score,decimate15,decimate,SDP/test_wider/result/full_tests_new/widar_320_pipeline_optimized_mlpmodel_summary.csv
Widar,widar_181,mlpmodel,ok,0.7101010101010101,71.01010101010101,savgol_w7_p3,outlier_z-score,stc,min-max,linear15,linear,SDP/test_wider/result/full_tests_new/widar_320_pipeline_optimized_mlpmodel_summary.csv
Widar,widar_182,mlpmodel,ok,0.7171717171717171,71.71717171717171,savgol_w7_p3,outlier_z-score,stc,min-max,cubic15,cubic,SDP/test_wider/result/full_tests_new/widar_320_pipeline_optimized_mlpmodel_summary.csv
Widar,widar_183,mlpmodel,ok,0.7282828282828283,72.82828282828284,savgol_w7_p3,outlier_z-score,stc,min-max,nearest15,nearest,SDP/test_wider/result/full_tests_new/widar_320_pipeline_optimized_mlpmodel_summary.csv
Widar,widar_184,mlpmodel,ok,0.7151515151515152,71.51515151515152,savgol_w7_p3,outlier_z-score,stc,min-max,decimate15,decimate,SDP/test_wider/result/full_tests_new/widar_320_pipeline_optimized_mlpmodel_summary.csv
Widar,widar_185,mlpmodel,ok,0.591919191919192,59.1919191919192,savgol_w7_p3,outlier_z-score,robust,z-score,linear15,linear,SDP/test_wider/result/full_tests_new/widar_320_pipeline_optimized_mlpmodel_summary.csv
Widar,widar_186,mlpmodel,ok,0.5878787878787879,58.78787878787879,savgol_w7_p3,outlier_z-score,robust,z-score,cubic15,cubic,SDP/test_wider/result/full_tests_new/widar_320_pipeline_optimized_mlpmodel_summary.csv
Widar,widar_187,mlpmodel,ok,0.6303030303030303,63.030303030303024,savgol_w7_p3,outlier_z-score,robust,z-score,nearest15,nearest,SDP/test_wider/result/full_tests_new/widar_320_pipeline_optimized_mlpmodel_summary.csv
Widar,widar_188,mlpmodel,ok,0.6393939393939394,63.93939393939394,savgol_w7_p3,outlier_z-score,robust,z-score,decimate15,decimate,SDP/test_wider/result/full_tests_new/widar_320_pipeline_optimized_mlpmodel_summary.csv
Widar,widar_189,mlpmodel,ok,0.5222222222222223,52.22222222222223,savgol_w7_p3,outlier_z-score,robust,min-max,linear15,linear,SDP/test_wider/result/full_tests_new/widar_320_pipeline_optimized_mlpmodel_summary.csv
Widar,widar_190,mlpmodel,ok,0.5494949494949495,54.94949494949495,savgol_w7_p3,outlier_z-score,robust,min-max,cubic15,cubic,SDP/test_wider/result/full_tests_new/widar_320_pipeline_optimized_mlpmodel_summary.csv
Widar,widar_191,mlpmodel,ok,0.5454545454545454,54.54545454545454,savgol_w7_p3,outlier_z-score,robust,min-max,nearest15,nearest,SDP/test_wider/result/full_tests_new/widar_320_pipeline_optimized_mlpmodel_summary.csv
Widar,widar_192,mlpmodel,ok,0.5474747474747474,54.74747474747475,savgol_w7_p3,outlier_z-score,robust,min-max,decimate15,decimate,SDP/test_wider/result/full_tests_new/widar_320_pipeline_optimized_mlpmodel_summary.csv
Widar,widar_193,mlpmodel,ok,0.7090909090909091,70.9090909090909,bandpass_0.5-50,iqr,linear,z-score,linear15,linear,SDP/test_wider/result/full_tests_new/widar_320_pipeline_optimized_mlpmodel_summary.csv
Widar,widar_194,mlpmodel,ok,0.704040404040404,70.4040404040404,bandpass_0.5-50,iqr,linear,z-score,cubic15,cubic,SDP/test_wider/result/full_tests_new/widar_320_pipeline_optimized_mlpmodel_summary.csv
Widar,widar_195,mlpmodel,ok,0.6898989898989899,68.98989898989899,bandpass_0.5-50,iqr,linear,z-score,nearest15,nearest,SDP/test_wider/result/full_tests_new/widar_320_pipeline_optimized_mlpmodel_summary.csv
Widar,widar_196,mlpmodel,ok,0.697979797979798,69.7979797979798,bandpass_0.5-50,iqr,linear,z-score,decimate15,decimate,SDP/test_wider/result/full_tests_new/widar_320_pipeline_optimized_mlpmodel_summary.csv
Widar,widar_197,mlpmodel,ok,0.6777777777777778,67.77777777777779,bandpass_0.5-50,iqr,linear,min-max,linear15,linear,SDP/test_wider/result/full_tests_new/widar_320_pipeline_optimized_mlpmodel_summary.csv
Widar,widar_198,mlpmodel,ok,0.6747474747474748,67.47474747474747,bandpass_0.5-50,iqr,linear,min-max,cubic15,cubic,SDP/test_wider/result/full_tests_new/widar_320_pipeline_optimized_mlpmodel_summary.csv
Widar,widar_199,mlpmodel,ok,0.6757575757575758,67.57575757575758,bandpass_0.5-50,iqr,linear,min-max,nearest15,nearest,SDP/test_wider/result/full_tests_new/widar_320_pipeline_optimized_mlpmodel_summary.csv
Widar,widar_200,mlpmodel,ok,0.6696969696969697,66.96969696969697,bandpass_0.5-50,iqr,linear,min-max,decimate15,decimate,SDP/test_wider/result/full_tests_new/widar_320_pipeline_optimized_mlpmodel_summary.csv
Widar,widar_201,mlpmodel,ok,0.704040404040404,70.4040404040404,bandpass_0.5-50,iqr,polynomial_d3,z-score,linear15,linear,SDP/test_wider/result/full_tests_new/widar_320_pipeline_optimized_mlpmodel_summary.csv
Widar,widar_202,mlpmodel,ok,0.7070707070707071,70.70707070707071,bandpass_0.5-50,iqr,polynomial_d3,z-score,cubic15,cubic,SDP/test_wider/result/full_tests_new/widar_320_pipeline_optimized_mlpmodel_summary.csv
Widar,widar_203,mlpmodel,ok,0.697979797979798,69.7979797979798,bandpass_0.5-50,iqr,polynomial_d3,z-score,nearest15,nearest,SDP/test_wider/result/full_tests_new/widar_320_pipeline_optimized_mlpmodel_summary.csv
Widar,widar_204,mlpmodel,ok,0.7080808080808081,70.8080808080808,bandpass_0.5-50,iqr,polynomial_d3,z-score,decimate15,decimate,SDP/test_wider/result/full_tests_new/widar_320_pipeline_optimized_mlpmodel_summary.csv
Widar,widar_205,mlpmodel,ok,0.6909090909090909,69.0909090909091,bandpass_0.5-50,iqr,polynomial_d3,min-max,linear15,linear,SDP/test_wider/result/full_tests_new/widar_320_pipeline_optimized_mlpmodel_summary.csv
Widar,widar_206,mlpmodel,ok,0.6989898989898989,69.8989898989899,bandpass_0.5-50,iqr,polynomial_d3,min-max,cubic15,cubic,SDP/test_wider/result/full_tests_new/widar_320_pipeline_optimized_mlpmodel_summary.csv
Widar,widar_207,mlpmodel,ok,0.6757575757575758,67.57575757575758,bandpass_0.5-50,iqr,polynomial_d3,min-max,nearest15,nearest,SDP/test_wider/result/full_tests_new/widar_320_pipeline_optimized_mlpmodel_summary.csv
Widar,widar_208,mlpmodel,ok,0.693939393939394,69.39393939393939,bandpass_0.5-50,iqr,polynomial_d3,min-max,decimate15,decimate,SDP/test_wider/result/full_tests_new/widar_320_pipeline_optimized_mlpmodel_summary.csv
Widar,widar_209,mlpmodel,ok,0.696969696969697,69.6969696969697,bandpass_0.5-50,iqr,stc,z-score,linear15,linear,SDP/test_wider/result/full_tests_new/widar_320_pipeline_optimized_mlpmodel_summary.csv
Widar,widar_210,mlpmodel,ok,0.704040404040404,70.4040404040404,bandpass_0.5-50,iqr,stc,z-score,cubic15,cubic,SDP/test_wider/result/full_tests_new/widar_320_pipeline_optimized_mlpmodel_summary.csv
Widar,widar_211,mlpmodel,ok,0.695959595959596,69.5959595959596,bandpass_0.5-50,iqr,stc,z-score,nearest15,nearest,SDP/test_wider/result/full_tests_new/widar_320_pipeline_optimized_mlpmodel_summary.csv
Widar,widar_212,mlpmodel,ok,0.693939393939394,69.39393939393939,bandpass_0.5-50,iqr,stc,z-score,decimate15,decimate,SDP/test_wider/result/full_tests_new/widar_320_pipeline_optimized_mlpmodel_summary.csv
Widar,widar_213,mlpmodel,ok,0.6646464646464646,66.46464646464646,bandpass_0.5-50,iqr,stc,min-max,linear15,linear,SDP/test_wider/result/full_tests_new/widar_320_pipeline_optimized_mlpmodel_summary.csv
Widar,widar_214,mlpmodel,ok,0.6666666666666666,66.66666666666666,bandpass_0.5-50,iqr,stc,min-max,cubic15,cubic,SDP/test_wider/result/full_tests_new/widar_320_pipeline_optimized_mlpmodel_summary.csv
Widar,widar_215,mlpmodel,ok,0.6646464646464646,66.46464646464646,bandpass_0.5-50,iqr,stc,min-max,nearest15,nearest,SDP/test_wider/result/full_tests_new/widar_320_pipeline_optimized_mlpmodel_summary.csv
Widar,widar_216,mlpmodel,ok,0.6696969696969697,66.96969696969697,bandpass_0.5-50,iqr,stc,min-max,decimate15,decimate,SDP/test_wider/result/full_tests_new/widar_320_pipeline_optimized_mlpmodel_summary.csv
Widar,widar_217,mlpmodel,ok,0.6494949494949495,64.94949494949495,bandpass_0.5-50,iqr,robust,z-score,linear15,linear,SDP/test_wider/result/full_tests_new/widar_320_pipeline_optimized_mlpmodel_summary.csv
Widar,widar_218,mlpmodel,ok,0.6333333333333333,63.33333333333333,bandpass_0.5-50,iqr,robust,z-score,cubic15,cubic,SDP/test_wider/result/full_tests_new/widar_320_pipeline_optimized_mlpmodel_summary.csv
Widar,widar_219,mlpmodel,ok,0.6777777777777778,67.77777777777779,bandpass_0.5-50,iqr,robust,z-score,nearest15,nearest,SDP/test_wider/result/full_tests_new/widar_320_pipeline_optimized_mlpmodel_summary.csv
Widar,widar_220,mlpmodel,ok,0.6262626262626263,62.62626262626263,bandpass_0.5-50,iqr,robust,z-score,decimate15,decimate,SDP/test_wider/result/full_tests_new/widar_320_pipeline_optimized_mlpmodel_summary.csv
Widar,widar_221,mlpmodel,ok,0.5747474747474748,57.47474747474748,bandpass_0.5-50,iqr,robust,min-max,linear15,linear,SDP/test_wider/result/full_tests_new/widar_320_pipeline_optimized_mlpmodel_summary.csv
Widar,widar_222,mlpmodel,ok,0.5777777777777777,57.77777777777777,bandpass_0.5-50,iqr,robust,min-max,cubic15,cubic,SDP/test_wider/result/full_tests_new/widar_320_pipeline_optimized_mlpmodel_summary.csv
Widar,widar_223,mlpmodel,ok,0.597979797979798,59.79797979797979,bandpass_0.5-50,iqr,robust,min-max,nearest15,nearest,SDP/test_wider/result/full_tests_new/widar_320_pipeline_optimized_mlpmodel_summary.csv
Widar,widar_224,mlpmodel,ok,0.5616161616161616,56.16161616161616,bandpass_0.5-50,iqr,robust,min-max,decimate15,decimate,SDP/test_wider/result/full_tests_new/widar_320_pipeline_optimized_mlpmodel_summary.csv
Widar,widar_225,mlpmodel,ok,0.692929292929293,69.2929292929293,bandpass_0.5-50,outlier_z-score,linear,z-score,linear15,linear,SDP/test_wider/result/full_tests_new/widar_320_pipeline_optimized_mlpmodel_summary.csv
Widar,widar_226,mlpmodel,ok,0.703030303030303,70.3030303030303,bandpass_0.5-50,outlier_z-score,linear,z-score,cubic15,cubic,SDP/test_wider/result/full_tests_new/widar_320_pipeline_optimized_mlpmodel_summary.csv
Widar,widar_227,mlpmodel,ok,0.6909090909090909,69.0909090909091,bandpass_0.5-50,outlier_z-score,linear,z-score,nearest15,nearest,SDP/test_wider/result/full_tests_new/widar_320_pipeline_optimized_mlpmodel_summary.csv
Widar,widar_228,mlpmodel,ok,0.695959595959596,69.5959595959596,bandpass_0.5-50,outlier_z-score,linear,z-score,decimate15,decimate,SDP/test_wider/result/full_tests_new/widar_320_pipeline_optimized_mlpmodel_summary.csv
Widar,widar_229,mlpmodel,ok,0.6838383838383838,68.38383838383838,bandpass_0.5-50,outlier_z-score,linear,min-max,linear15,linear,SDP/test_wider/result/full_tests_new/widar_320_pipeline_optimized_mlpmodel_summary.csv
Widar,widar_230,mlpmodel,ok,0.6808080808080809,68.08080808080808,bandpass_0.5-50,outlier_z-score,linear,min-max,cubic15,cubic,SDP/test_wider/result/full_tests_new/widar_320_pipeline_optimized_mlpmodel_summary.csv
Widar,widar_231,mlpmodel,ok,0.6909090909090909,69.0909090909091,bandpass_0.5-50,outlier_z-score,linear,min-max,nearest15,nearest,SDP/test_wider/result/full_tests_new/widar_320_pipeline_optimized_mlpmodel_summary.csv
Widar,widar_232,mlpmodel,ok,0.6828282828282828,68.28282828282828,bandpass_0.5-50,outlier_z-score,linear,min-max,decimate15,decimate,SDP/test_wider/result/full_tests_new/widar_320_pipeline_optimized_mlpmodel_summary.csv
Widar,widar_233,mlpmodel,ok,0.695959595959596,69.5959595959596,bandpass_0.5-50,outlier_z-score,polynomial_d3,z-score,linear15,linear,SDP/test_wider/result/full_tests_new/widar_320_pipeline_optimized_mlpmodel_summary.csv
Widar,widar_234,mlpmodel,ok,0.706060606060606,70.60606060606061,bandpass_0.5-50,outlier_z-score,polynomial_d3,z-score,cubic15,cubic,SDP/test_wider/result/full_tests_new/widar_320_pipeline_optimized_mlpmodel_summary.csv
Widar,widar_235,mlpmodel,ok,0.6989898989898989,69.8989898989899,bandpass_0.5-50,outlier_z-score,polynomial_d3,z-score,nearest15,nearest,SDP/test_wider/result/full_tests_new/widar_320_pipeline_optimized_mlpmodel_summary.csv
Widar,widar_236,mlpmodel,ok,0.6909090909090909,69.0909090909091,bandpass_0.5-50,outlier_z-score,polynomial_d3,z-score,decimate15,decimate,SDP/test_wider/result/full_tests_new/widar_320_pipeline_optimized_mlpmodel_summary.csv
Widar,widar_237,mlpmodel,ok,0.7,70.0,bandpass_0.5-50,outlier_z-score,polynomial_d3,min-max,linear15,linear,SDP/test_wider/result/full_tests_new/widar_320_pipeline_optimized_mlpmodel_summary.csv
Widar,widar_238,mlpmodel,ok,0.6646464646464646,66.46464646464646,bandpass_0.5-50,outlier_z-score,polynomial_d3,min-max,cubic15,cubic,SDP/test_wider/result/full_tests_new/widar_320_pipeline_optimized_mlpmodel_summary.csv
Widar,widar_239,mlpmodel,ok,0.6717171717171717,67.17171717171718,bandpass_0.5-50,outlier_z-score,polynomial_d3,min-max,nearest15,nearest,SDP/test_wider/result/full_tests_new/widar_320_pipeline_optimized_mlpmodel_summary.csv
Widar,widar_240,mlpmodel,ok,0.6777777777777778,67.77777777777779,bandpass_0.5-50,outlier_z-score,polynomial_d3,min-max,decimate15,decimate,SDP/test_wider/result/full_tests_new/widar_320_pipeline_optimized_mlpmodel_summary.csv
Widar,widar_241,mlpmodel,ok,0.692929292929293,69.2929292929293,bandpass_0.5-50,outlier_z-score,stc,z-score,linear15,linear,SDP/test_wider/result/full_tests_new/widar_320_pipeline_optimized_mlpmodel_summary.csv
Widar,widar_242,mlpmodel,ok,0.703030303030303,70.3030303030303,bandpass_0.5-50,outlier_z-score,stc,z-score,cubic15,cubic,SDP/test_wider/result/full_tests_new/widar_320_pipeline_optimized_mlpmodel_summary.csv
Widar,widar_243,mlpmodel,ok,0.693939393939394,69.39393939393939,bandpass_0.5-50,outlier_z-score,stc,z-score,nearest15,nearest,SDP/test_wider/result/full_tests_new/widar_320_pipeline_optimized_mlpmodel_summary.csv
Widar,widar_244,mlpmodel,ok,0.695959595959596,69.5959595959596,bandpass_0.5-50,outlier_z-score,stc,z-score,decimate15,decimate,SDP/test_wider/result/full_tests_new/widar_320_pipeline_optimized_mlpmodel_summary.csv
Widar,widar_245,mlpmodel,ok,0.6858585858585858,68.58585858585859,bandpass_0.5-50,outlier_z-score,stc,min-max,linear15,linear,SDP/test_wider/result/full_tests_new/widar_320_pipeline_optimized_mlpmodel_summary.csv
Widar,widar_246,mlpmodel,ok,0.6818181818181818,68.18181818181817,bandpass_0.5-50,outlier_z-score,stc,min-max,cubic15,cubic,SDP/test_wider/result/full_tests_new/widar_320_pipeline_optimized_mlpmodel_summary.csv
Widar,widar_247,mlpmodel,ok,0.6747474747474748,67.47474747474747,bandpass_0.5-50,outlier_z-score,stc,min-max,nearest15,nearest,SDP/test_wider/result/full_tests_new/widar_320_pipeline_optimized_mlpmodel_summary.csv
Widar,widar_248,mlpmodel,ok,0.6868686868686869,68.68686868686868,bandpass_0.5-50,outlier_z-score,stc,min-max,decimate15,decimate,SDP/test_wider/result/full_tests_new/widar_320_pipeline_optimized_mlpmodel_summary.csv
Widar,widar_249,mlpmodel,ok,0.6444444444444445,64.44444444444444,bandpass_0.5-50,outlier_z-score,robust,z-score,linear15,linear,SDP/test_wider/result/full_tests_new/widar_320_pipeline_optimized_mlpmodel_summary.csv
Widar,widar_250,mlpmodel,ok,0.6383838383838384,63.83838383838384,bandpass_0.5-50,outlier_z-score,robust,z-score,cubic15,cubic,SDP/test_wider/result/full_tests_new/widar_320_pipeline_optimized_mlpmodel_summary.csv
Widar,widar_251,mlpmodel,ok,0.6575757575757576,65.75757575757576,bandpass_0.5-50,outlier_z-score,robust,z-score,nearest15,nearest,SDP/test_wider/result/full_tests_new/widar_320_pipeline_optimized_mlpmodel_summary.csv
Widar,widar_252,mlpmodel,ok,0.6323232323232323,63.23232323232323,bandpass_0.5-50,outlier_z-score,robust,z-score,decimate15,decimate,SDP/test_wider/result/full_tests_new/widar_320_pipeline_optimized_mlpmodel_summary.csv
Widar,widar_253,mlpmodel,ok,0.5959595959595959,59.59595959595959,bandpass_0.5-50,outlier_z-score,robust,min-max,linear15,linear,SDP/test_wider/result/full_tests_new/widar_320_pipeline_optimized_mlpmodel_summary.csv
Widar,widar_254,mlpmodel,ok,0.597979797979798,59.79797979797979,bandpass_0.5-50,outlier_z-score,robust,min-max,cubic15,cubic,SDP/test_wider/result/full_tests_new/widar_320_pipeline_optimized_mlpmodel_summary.csv
Widar,widar_255,mlpmodel,ok,0.6161616161616161,61.61616161616161,bandpass_0.5-50,outlier_z-score,robust,min-max,nearest15,nearest,SDP/test_wider/result/full_tests_new/widar_320_pipeline_optimized_mlpmodel_summary.csv
Widar,widar_256,mlpmodel,ok,0.5858585858585859,58.58585858585859,bandpass_0.5-50,outlier_z-score,robust,min-max,decimate15,decimate,SDP/test_wider/result/full_tests_new/widar_320_pipeline_optimized_mlpmodel_summary.csv
Widar,widar_257,mlpmodel,ok,0.696969696969697,69.6969696969697,hampel_w5_s3,iqr,linear,z-score,linear15,linear,SDP/test_wider/result/full_tests_new/widar_320_pipeline_optimized_mlpmodel_summary.csv
Widar,widar_258,mlpmodel,ok,0.6989898989898989,69.8989898989899,hampel_w5_s3,iqr,linear,z-score,cubic15,cubic,SDP/test_wider/result/full_tests_new/widar_320_pipeline_optimized_mlpmodel_summary.csv
Widar,widar_259,mlpmodel,ok,0.7191919191919192,71.91919191919192,hampel_w5_s3,iqr,linear,z-score,nearest15,nearest,SDP/test_wider/result/full_tests_new/widar_320_pipeline_optimized_mlpmodel_summary.csv
Widar,widar_260,mlpmodel,ok,0.6737373737373737,67.37373737373737,hampel_w5_s3,iqr,linear,z-score,decimate15,decimate,SDP/test_wider/result/full_tests_new/widar_320_pipeline_optimized_mlpmodel_summary.csv
Widar,widar_261,mlpmodel,ok,0.6383838383838384,63.83838383838384,hampel_w5_s3,iqr,linear,min-max,linear15,linear,SDP/test_wider/result/full_tests_new/widar_320_pipeline_optimized_mlpmodel_summary.csv
Widar,widar_262,mlpmodel,ok,0.6181818181818182,61.81818181818181,hampel_w5_s3,iqr,linear,min-max,cubic15,cubic,SDP/test_wider/result/full_tests_new/widar_320_pipeline_optimized_mlpmodel_summary.csv
Widar,widar_263,mlpmodel,ok,0.6484848484848484,64.84848484848484,hampel_w5_s3,iqr,linear,min-max,nearest15,nearest,SDP/test_wider/result/full_tests_new/widar_320_pipeline_optimized_mlpmodel_summary.csv
Widar,widar_264,mlpmodel,ok,0.6303030303030303,63.030303030303024,hampel_w5_s3,iqr,linear,min-max,decimate15,decimate,SDP/test_wider/result/full_tests_new/widar_320_pipeline_optimized_mlpmodel_summary.csv
Widar,widar_265,mlpmodel,ok,0.693939393939394,69.39393939393939,hampel_w5_s3,iqr,polynomial_d3,z-score,linear15,linear,SDP/test_wider/result/full_tests_new/widar_320_pipeline_optimized_mlpmodel_summary.csv
Widar,widar_266,mlpmodel,ok,0.6888888888888889,68.88888888888889,hampel_w5_s3,iqr,polynomial_d3,z-score,cubic15,cubic,SDP/test_wider/result/full_tests_new/widar_320_pipeline_optimized_mlpmodel_summary.csv
Widar,widar_267,mlpmodel,ok,0.6777777777777778,67.77777777777779,hampel_w5_s3,iqr,polynomial_d3,z-score,nearest15,nearest,SDP/test_wider/result/full_tests_new/widar_320_pipeline_optimized_mlpmodel_summary.csv
Widar,widar_268,mlpmodel,ok,0.6626262626262627,66.26262626262627,hampel_w5_s3,iqr,polynomial_d3,z-score,decimate15,decimate,SDP/test_wider/result/full_tests_new/widar_320_pipeline_optimized_mlpmodel_summary.csv
Widar,widar_269,mlpmodel,ok,0.6292929292929293,62.929292929292934,hampel_w5_s3,iqr,polynomial_d3,min-max,linear15,linear,SDP/test_wider/result/full_tests_new/widar_320_pipeline_optimized_mlpmodel_summary.csv
Widar,widar_270,mlpmodel,ok,0.6353535353535353,63.535353535353536,hampel_w5_s3,iqr,polynomial_d3,min-max,cubic15,cubic,SDP/test_wider/result/full_tests_new/widar_320_pipeline_optimized_mlpmodel_summary.csv
Widar,widar_271,mlpmodel,ok,0.6262626262626263,62.62626262626263,hampel_w5_s3,iqr,polynomial_d3,min-max,nearest15,nearest,SDP/test_wider/result/full_tests_new/widar_320_pipeline_optimized_mlpmodel_summary.csv
Widar,widar_272,mlpmodel,ok,0.6181818181818182,61.81818181818181,hampel_w5_s3,iqr,polynomial_d3,min-max,decimate15,decimate,SDP/test_wider/result/full_tests_new/widar_320_pipeline_optimized_mlpmodel_summary.csv
Widar,widar_273,mlpmodel,ok,0.704040404040404,70.4040404040404,hampel_w5_s3,iqr,stc,z-score,linear15,linear,SDP/test_wider/result/full_tests_new/widar_320_pipeline_optimized_mlpmodel_summary.csv
Widar,widar_274,mlpmodel,ok,0.696969696969697,69.6969696969697,hampel_w5_s3,iqr,stc,z-score,cubic15,cubic,SDP/test_wider/result/full_tests_new/widar_320_pipeline_optimized_mlpmodel_summary.csv
Widar,widar_275,mlpmodel,ok,0.7191919191919192,71.91919191919192,hampel_w5_s3,iqr,stc,z-score,nearest15,nearest,SDP/test_wider/result/full_tests_new/widar_320_pipeline_optimized_mlpmodel_summary.csv
Widar,widar_276,mlpmodel,ok,0.6696969696969697,66.96969696969697,hampel_w5_s3,iqr,stc,z-score,decimate15,decimate,SDP/test_wider/result/full_tests_new/widar_320_pipeline_optimized_mlpmodel_summary.csv
Widar,widar_277,mlpmodel,ok,0.6343434343434343,63.43434343434343,hampel_w5_s3,iqr,stc,min-max,linear15,linear,SDP/test_wider/result/full_tests_new/widar_320_pipeline_optimized_mlpmodel_summary.csv
Widar,widar_278,mlpmodel,ok,0.6414141414141414,64.14141414141415,hampel_w5_s3,iqr,stc,min-max,cubic15,cubic,SDP/test_wider/result/full_tests_new/widar_320_pipeline_optimized_mlpmodel_summary.csv
Widar,widar_279,mlpmodel,ok,0.6414141414141414,64.14141414141415,hampel_w5_s3,iqr,stc,min-max,nearest15,nearest,SDP/test_wider/result/full_tests_new/widar_320_pipeline_optimized_mlpmodel_summary.csv
Widar,widar_280,mlpmodel,ok,0.6282828282828283,62.82828282828283,hampel_w5_s3,iqr,stc,min-max,decimate15,decimate,SDP/test_wider/result/full_tests_new/widar_320_pipeline_optimized_mlpmodel_summary.csv
Widar,widar_281,mlpmodel,ok,0.6484848484848484,64.84848484848484,hampel_w5_s3,iqr,robust,z-score,linear15,linear,SDP/test_wider/result/full_tests_new/widar_320_pipeline_optimized_mlpmodel_summary.csv
Widar,widar_282,mlpmodel,ok,0.6383838383838384,63.83838383838384,hampel_w5_s3,iqr,robust,z-score,cubic15,cubic,SDP/test_wider/result/full_tests_new/widar_320_pipeline_optimized_mlpmodel_summary.csv
Widar,widar_283,mlpmodel,ok,0.6262626262626263,62.62626262626263,hampel_w5_s3,iqr,robust,z-score,nearest15,nearest,SDP/test_wider/result/full_tests_new/widar_320_pipeline_optimized_mlpmodel_summary.csv
Widar,widar_284,mlpmodel,ok,0.6161616161616161,61.61616161616161,hampel_w5_s3,iqr,robust,z-score,decimate15,decimate,SDP/test_wider/result/full_tests_new/widar_320_pipeline_optimized_mlpmodel_summary.csv
Widar,widar_285,mlpmodel,ok,0.5555555555555556,55.55555555555556,hampel_w5_s3,iqr,robust,min-max,linear15,linear,SDP/test_wider/result/full_tests_new/widar_320_pipeline_optimized_mlpmodel_summary.csv
Widar,widar_286,mlpmodel,ok,0.5636363636363636,56.36363636363636,hampel_w5_s3,iqr,robust,min-max,cubic15,cubic,SDP/test_wider/result/full_tests_new/widar_320_pipeline_optimized_mlpmodel_summary.csv
Widar,widar_287,mlpmodel,ok,0.5787878787878787,57.878787878787875,hampel_w5_s3,iqr,robust,min-max,nearest15,nearest,SDP/test_wider/result/full_tests_new/widar_320_pipeline_optimized_mlpmodel_summary.csv
Widar,widar_288,mlpmodel,ok,0.5515151515151515,55.15151515151515,hampel_w5_s3,iqr,robust,min-max,decimate15,decimate,SDP/test_wider/result/full_tests_new/widar_320_pipeline_optimized_mlpmodel_summary.csv
Widar,widar_289,mlpmodel,ok,0.701010101010101,70.1010101010101,hampel_w5_s3,outlier_z-score,linear,z-score,linear15,linear,SDP/test_wider/result/full_tests_new/widar_320_pipeline_optimized_mlpmodel_summary.csv
Widar,widar_290,mlpmodel,ok,0.7181818181818181,71.81818181818181,hampel_w5_s3,outlier_z-score,linear,z-score,cubic15,cubic,SDP/test_wider/result/full_tests_new/widar_320_pipeline_optimized_mlpmodel_summary.csv
Widar,widar_291,mlpmodel,ok,0.7313131313131314,73.13131313131314,hampel_w5_s3,outlier_z-score,linear,z-score,nearest15,nearest,SDP/test_wider/result/full_tests_new/widar_320_pipeline_optimized_mlpmodel_summary.csv
Widar,widar_292,mlpmodel,ok,0.6767676767676768,67.67676767676768,hampel_w5_s3,outlier_z-score,linear,z-score,decimate15,decimate,SDP/test_wider/result/full_tests_new/widar_320_pipeline_optimized_mlpmodel_summary.csv
Widar,widar_293,mlpmodel,ok,0.6373737373737374,63.73737373737374,hampel_w5_s3,outlier_z-score,linear,min-max,linear15,linear,SDP/test_wider/result/full_tests_new/widar_320_pipeline_optimized_mlpmodel_summary.csv
Widar,widar_294,mlpmodel,ok,0.6393939393939394,63.93939393939394,hampel_w5_s3,outlier_z-score,linear,min-max,cubic15,cubic,SDP/test_wider/result/full_tests_new/widar_320_pipeline_optimized_mlpmodel_summary.csv
Widar,widar_295,mlpmodel,ok,0.6272727272727273,62.727272727272734,hampel_w5_s3,outlier_z-score,linear,min-max,nearest15,nearest,SDP/test_wider/result/full_tests_new/widar_320_pipeline_optimized_mlpmodel_summary.csv
Widar,widar_296,mlpmodel,ok,0.6181818181818182,61.81818181818181,hampel_w5_s3,outlier_z-score,linear,min-max,decimate15,decimate,SDP/test_wider/result/full_tests_new/widar_320_pipeline_optimized_mlpmodel_summary.csv
Widar,widar_297,mlpmodel,ok,0.6747474747474748,67.47474747474747,hampel_w5_s3,outlier_z-score,polynomial_d3,z-score,linear15,linear,SDP/test_wider/result/full_tests_new/widar_320_pipeline_optimized_mlpmodel_summary.csv
Widar,widar_298,mlpmodel,ok,0.6909090909090909,69.0909090909091,hampel_w5_s3,outlier_z-score,polynomial_d3,z-score,cubic15,cubic,SDP/test_wider/result/full_tests_new/widar_320_pipeline_optimized_mlpmodel_summary.csv
Widar,widar_299,mlpmodel,ok,0.6757575757575758,67.57575757575758,hampel_w5_s3,outlier_z-score,polynomial_d3,z-score,nearest15,nearest,SDP/test_wider/result/full_tests_new/widar_320_pipeline_optimized_mlpmodel_summary.csv
Widar,widar_300,mlpmodel,ok,0.6717171717171717,67.17171717171718,hampel_w5_s3,outlier_z-score,polynomial_d3,z-score,decimate15,decimate,SDP/test_wider/result/full_tests_new/widar_320_pipeline_optimized_mlpmodel_summary.csv
Widar,widar_301,mlpmodel,ok,0.6272727272727273,62.727272727272734,hampel_w5_s3,outlier_z-score,polynomial_d3,min-max,linear15,linear,SDP/test_wider/result/full_tests_new/widar_320_pipeline_optimized_mlpmodel_summary.csv
Widar,widar_302,mlpmodel,ok,0.6202020202020202,62.02020202020202,hampel_w5_s3,outlier_z-score,polynomial_d3,min-max,cubic15,cubic,SDP/test_wider/result/full_tests_new/widar_320_pipeline_optimized_mlpmodel_summary.csv
Widar,widar_303,mlpmodel,ok,0.6070707070707071,60.70707070707071,hampel_w5_s3,outlier_z-score,polynomial_d3,min-max,nearest15,nearest,SDP/test_wider/result/full_tests_new/widar_320_pipeline_optimized_mlpmodel_summary.csv
Widar,widar_304,mlpmodel,ok,0.6101010101010101,61.01010101010102,hampel_w5_s3,outlier_z-score,polynomial_d3,min-max,decimate15,decimate,SDP/test_wider/result/full_tests_new/widar_320_pipeline_optimized_mlpmodel_summary.csv
Widar,widar_305,mlpmodel,ok,0.7171717171717171,71.71717171717171,hampel_w5_s3,outlier_z-score,stc,z-score,linear15,linear,SDP/test_wider/result/full_tests_new/widar_320_pipeline_optimized_mlpmodel_summary.csv
Widar,widar_306,mlpmodel,ok,0.703030303030303,70.3030303030303,hampel_w5_s3,outlier_z-score,stc,z-score,cubic15,cubic,SDP/test_wider/result/full_tests_new/widar_320_pipeline_optimized_mlpmodel_summary.csv
Widar,widar_307,mlpmodel,ok,0.693939393939394,69.39393939393939,hampel_w5_s3,outlier_z-score,stc,z-score,nearest15,nearest,SDP/test_wider/result/full_tests_new/widar_320_pipeline_optimized_mlpmodel_summary.csv
Widar,widar_308,mlpmodel,ok,0.6818181818181818,68.18181818181817,hampel_w5_s3,outlier_z-score,stc,z-score,decimate15,decimate,SDP/test_wider/result/full_tests_new/widar_320_pipeline_optimized_mlpmodel_summary.csv
Widar,widar_309,mlpmodel,ok,0.6252525252525253,62.525252525252526,hampel_w5_s3,outlier_z-score,stc,min-max,linear15,linear,SDP/test_wider/result/full_tests_new/widar_320_pipeline_optimized_mlpmodel_summary.csv
Widar,widar_310,mlpmodel,ok,0.6080808080808081,60.80808080808081,hampel_w5_s3,outlier_z-score,stc,min-max,cubic15,cubic,SDP/test_wider/result/full_tests_new/widar_320_pipeline_optimized_mlpmodel_summary.csv
Widar,widar_311,mlpmodel,ok,0.6101010101010101,61.01010101010102,hampel_w5_s3,outlier_z-score,stc,min-max,nearest15,nearest,SDP/test_wider/result/full_tests_new/widar_320_pipeline_optimized_mlpmodel_summary.csv
Widar,widar_312,mlpmodel,ok,0.6101010101010101,61.01010101010102,hampel_w5_s3,outlier_z-score,stc,min-max,decimate15,decimate,SDP/test_wider/result/full_tests_new/widar_320_pipeline_optimized_mlpmodel_summary.csv
Widar,widar_313,mlpmodel,ok,0.6363636363636364,63.63636363636363,hampel_w5_s3,outlier_z-score,robust,z-score,linear15,linear,SDP/test_wider/result/full_tests_new/widar_320_pipeline_optimized_mlpmodel_summary.csv
Widar,widar_314,mlpmodel,ok,0.6262626262626263,62.62626262626263,hampel_w5_s3,outlier_z-score,robust,z-score,cubic15,cubic,SDP/test_wider/result/full_tests_new/widar_320_pipeline_optimized_mlpmodel_summary.csv
Widar,widar_315,mlpmodel,ok,0.6383838383838384,63.83838383838384,hampel_w5_s3,outlier_z-score,robust,z-score,nearest15,nearest,SDP/test_wider/result/full_tests_new/widar_320_pipeline_optimized_mlpmodel_summary.csv
Widar,widar_316,mlpmodel,ok,0.6343434343434343,63.43434343434343,hampel_w5_s3,outlier_z-score,robust,z-score,decimate15,decimate,SDP/test_wider/result/full_tests_new/widar_320_pipeline_optimized_mlpmodel_summary.csv
Widar,widar_317,mlpmodel,ok,0.5676767676767677,56.76767676767677,hampel_w5_s3,outlier_z-score,robust,min-max,linear15,linear,SDP/test_wider/result/full_tests_new/widar_320_pipeline_optimized_mlpmodel_summary.csv
Widar,widar_318,mlpmodel,ok,0.5565656565656566,55.65656565656566,hampel_w5_s3,outlier_z-score,robust,min-max,cubic15,cubic,SDP/test_wider/result/full_tests_new/widar_320_pipeline_optimized_mlpmodel_summary.csv
Widar,widar_319,mlpmodel,ok,0.5757575757575758,57.57575757575758,hampel_w5_s3,outlier_z-score,robust,min-max,nearest15,nearest,SDP/test_wider/result/full_tests_new/widar_320_pipeline_optimized_mlpmodel_summary.csv
Widar,widar_320,mlpmodel,ok,0.5505050505050505,55.05050505050505,hampel_w5_s3,outlier_z-score,robust,min-max,decimate15,decimate,SDP/test_wider/result/full_tests_new/widar_320_pipeline_optimized_mlpmodel_summary.csv
ElderAL,elderAL_001,csitime,ok,0.7925925925925926,79.25925925925927,wavelet,iqr,,z-score,linear64,linear,SDP/test_elderAL/result/full_tests/elderAL_80_pipeline_csitime_summary.csv
ElderAL,elderAL_002,csitime,ok,0.7222222222222222,72.22222222222221,wavelet,iqr,,z-score,cubic64,cubic,SDP/test_elderAL/result/full_tests/elderAL_80_pipeline_csitime_summary.csv
ElderAL,elderAL_003,csitime,ok,0.7592592592592593,75.92592592592592,wavelet,iqr,,z-score,nearest64,nearest,SDP/test_elderAL/result/full_tests/elderAL_80_pipeline_csitime_summary.csv
ElderAL,elderAL_004,csitime,ok,0.762962962962963,76.29629629629629,wavelet,iqr,,z-score,decimate64,decimate,SDP/test_elderAL/result/full_tests/elderAL_80_pipeline_csitime_summary.csv
ElderAL,elderAL_005,csitime,ok,0.8518518518518519,85.18518518518519,wavelet,iqr,,min-max,linear64,linear,SDP/test_elderAL/result/full_tests/elderAL_80_pipeline_csitime_summary.csv
ElderAL,elderAL_006,csitime,ok,0.8740740740740741,87.4074074074074,wavelet,iqr,,min-max,cubic64,cubic,SDP/test_elderAL/result/full_tests/elderAL_80_pipeline_csitime_summary.csv
ElderAL,elderAL_007,csitime,ok,0.7444444444444445,74.44444444444444,wavelet,iqr,,min-max,nearest64,nearest,SDP/test_elderAL/result/full_tests/elderAL_80_pipeline_csitime_summary.csv
ElderAL,elderAL_008,csitime,ok,0.8148148148148148,81.48148148148148,wavelet,iqr,,min-max,decimate64,decimate,SDP/test_elderAL/result/full_tests/elderAL_80_pipeline_csitime_summary.csv
ElderAL,elderAL_009,csitime,ok,0.8481481481481481,84.81481481481481,wavelet,outlier_z-score,,z-score,linear64,linear,SDP/test_elderAL/result/full_tests/elderAL_80_pipeline_csitime_summary.csv
ElderAL,elderAL_010,csitime,ok,0.837037037037037,83.7037037037037,wavelet,outlier_z-score,,z-score,cubic64,cubic,SDP/test_elderAL/result/full_tests/elderAL_80_pipeline_csitime_summary.csv
ElderAL,elderAL_011,csitime,ok,0.8592592592592593,85.92592592592592,wavelet,outlier_z-score,,z-score,nearest64,nearest,SDP/test_elderAL/result/full_tests/elderAL_80_pipeline_csitime_summary.csv
ElderAL,elderAL_012,csitime,ok,0.8296296296296296,82.96296296296296,wavelet,outlier_z-score,,z-score,decimate64,decimate,SDP/test_elderAL/result/full_tests/elderAL_80_pipeline_csitime_summary.csv
ElderAL,elderAL_013,csitime,ok,0.8407407407407408,84.07407407407408,wavelet,outlier_z-score,,min-max,linear64,linear,SDP/test_elderAL/result/full_tests/elderAL_80_pipeline_csitime_summary.csv
ElderAL,elderAL_014,csitime,ok,0.9,90.0,wavelet,outlier_z-score,,min-max,cubic64,cubic,SDP/test_elderAL/result/full_tests/elderAL_80_pipeline_csitime_summary.csv
ElderAL,elderAL_015,csitime,ok,0.7962962962962963,79.62962962962963,wavelet,outlier_z-score,,min-max,nearest64,nearest,SDP/test_elderAL/result/full_tests/elderAL_80_pipeline_csitime_summary.csv
ElderAL,elderAL_016,csitime,ok,0.8296296296296296,82.96296296296296,wavelet,outlier_z-score,,min-max,decimate64,decimate,SDP/test_elderAL/result/full_tests/elderAL_80_pipeline_csitime_summary.csv
ElderAL,elderAL_017,csitime,ok,0.762962962962963,76.29629629629629,butterworth_o5_c0.3,iqr,,z-score,linear64,linear,SDP/test_elderAL/result/full_tests/elderAL_80_pipeline_csitime_summary.csv
ElderAL,elderAL_018,csitime,ok,0.7444444444444445,74.44444444444444,butterworth_o5_c0.3,iqr,,z-score,cubic64,cubic,SDP/test_elderAL/result/full_tests/elderAL_80_pipeline_csitime_summary.csv
ElderAL,elderAL_019,csitime,ok,0.8,80.0,butterworth_o5_c0.3,iqr,,z-score,nearest64,nearest,SDP/test_elderAL/result/full_tests/elderAL_80_pipeline_csitime_summary.csv
ElderAL,elderAL_020,csitime,ok,0.837037037037037,83.7037037037037,butterworth_o5_c0.3,iqr,,z-score,decimate64,decimate,SDP/test_elderAL/result/full_tests/elderAL_80_pipeline_csitime_summary.csv
ElderAL,elderAL_021,csitime,ok,0.9,90.0,butterworth_o5_c0.3,iqr,,min-max,linear64,linear,SDP/test_elderAL/result/full_tests/elderAL_80_pipeline_csitime_summary.csv
ElderAL,elderAL_022,csitime,ok,0.8851851851851852,88.51851851851852,butterworth_o5_c0.3,iqr,,min-max,cubic64,cubic,SDP/test_elderAL/result/full_tests/elderAL_80_pipeline_csitime_summary.csv
ElderAL,elderAL_023,csitime,ok,0.9111111111111112,91.11111111111111,butterworth_o5_c0.3,iqr,,min-max,nearest64,nearest,SDP/test_elderAL/result/full_tests/elderAL_80_pipeline_csitime_summary.csv
ElderAL,elderAL_024,csitime,ok,0.9185185185185184,91.85185185185183,butterworth_o5_c0.3,iqr,,min-max,decimate64,decimate,SDP/test_elderAL/result/full_tests/elderAL_80_pipeline_csitime_summary.csv
ElderAL,elderAL_025,csitime,ok,0.825925925925926,82.5925925925926,butterworth_o5_c0.3,outlier_z-score,,z-score,linear64,linear,SDP/test_elderAL/result/full_tests/elderAL_80_pipeline_csitime_summary.csv
ElderAL,elderAL_026,csitime,ok,0.825925925925926,82.5925925925926,butterworth_o5_c0.3,outlier_z-score,,z-score,cubic64,cubic,SDP/test_elderAL/result/full_tests/elderAL_80_pipeline_csitime_summary.csv
ElderAL,elderAL_027,csitime,ok,0.8407407407407408,84.07407407407408,butterworth_o5_c0.3,outlier_z-score,,z-score,nearest64,nearest,SDP/test_elderAL/result/full_tests/elderAL_80_pipeline_csitime_summary.csv
ElderAL,elderAL_028,csitime,ok,0.8777777777777778,87.77777777777777,butterworth_o5_c0.3,outlier_z-score,,z-score,decimate64,decimate,SDP/test_elderAL/result/full_tests/elderAL_80_pipeline_csitime_summary.csv
ElderAL,elderAL_029,csitime,ok,0.8481481481481481,84.81481481481481,butterworth_o5_c0.3,outlier_z-score,,min-max,linear64,linear,SDP/test_elderAL/result/full_tests/elderAL_80_pipeline_csitime_summary.csv
ElderAL,elderAL_030,csitime,ok,0.8185185185185185,81.85185185185185,butterworth_o5_c0.3,outlier_z-score,,min-max,cubic64,cubic,SDP/test_elderAL/result/full_tests/elderAL_80_pipeline_csitime_summary.csv
ElderAL,elderAL_031,csitime,ok,0.8296296296296296,82.96296296296296,butterworth_o5_c0.3,outlier_z-score,,min-max,nearest64,nearest,SDP/test_elderAL/result/full_tests/elderAL_80_pipeline_csitime_summary.csv
ElderAL,elderAL_032,csitime,ok,0.8037037037037037,80.37037037037037,butterworth_o5_c0.3,outlier_z-score,,min-max,decimate64,decimate,SDP/test_elderAL/result/full_tests/elderAL_80_pipeline_csitime_summary.csv
ElderAL,elderAL_033,csitime,ok,0.8148148148148148,81.48148148148148,savgol_w7_p3,iqr,,z-score,linear64,linear,SDP/test_elderAL/result/full_tests/elderAL_80_pipeline_csitime_summary.csv
ElderAL,elderAL_034,csitime,ok,0.7814814814814814,78.14814814814814,savgol_w7_p3,iqr,,z-score,cubic64,cubic,SDP/test_elderAL/result/full_tests/elderAL_80_pipeline_csitime_summary.csv
ElderAL,elderAL_035,csitime,ok,0.8,80.0,savgol_w7_p3,iqr,,z-score,nearest64,nearest,SDP/test_elderAL/result/full_tests/elderAL_80_pipeline_csitime_summary.csv
ElderAL,elderAL_036,csitime,ok,0.8,80.0,savgol_w7_p3,iqr,,z-score,decimate64,decimate,SDP/test_elderAL/result/full_tests/elderAL_80_pipeline_csitime_summary.csv
ElderAL,elderAL_037,csitime,ok,0.925925925925926,92.59259259259261,savgol_w7_p3,iqr,,min-max,linear64,linear,SDP/test_elderAL/result/full_tests/elderAL_80_pipeline_csitime_summary.csv
ElderAL,elderAL_038,csitime,ok,0.9222222222222224,92.22222222222224,savgol_w7_p3,iqr,,min-max,cubic64,cubic,SDP/test_elderAL/result/full_tests/elderAL_80_pipeline_csitime_summary.csv
ElderAL,elderAL_039,csitime,ok,0.9148148148148147,91.48148148148148,savgol_w7_p3,iqr,,min-max,nearest64,nearest,SDP/test_elderAL/result/full_tests/elderAL_80_pipeline_csitime_summary.csv
ElderAL,elderAL_040,csitime,ok,0.925925925925926,92.59259259259261,savgol_w7_p3,iqr,,min-max,decimate64,decimate,SDP/test_elderAL/result/full_tests/elderAL_80_pipeline_csitime_summary.csv
ElderAL,elderAL_041,csitime,ok,0.8407407407407408,84.07407407407408,savgol_w7_p3,outlier_z-score,,z-score,linear64,linear,SDP/test_elderAL/result/full_tests/elderAL_80_pipeline_csitime_summary.csv
ElderAL,elderAL_042,csitime,ok,0.8555555555555555,85.55555555555556,savgol_w7_p3,outlier_z-score,,z-score,cubic64,cubic,SDP/test_elderAL/result/full_tests/elderAL_80_pipeline_csitime_summary.csv
ElderAL,elderAL_043,csitime,ok,0.7962962962962963,79.62962962962963,savgol_w7_p3,outlier_z-score,,z-score,nearest64,nearest,SDP/test_elderAL/result/full_tests/elderAL_80_pipeline_csitime_summary.csv
ElderAL,elderAL_044,csitime,ok,0.837037037037037,83.7037037037037,savgol_w7_p3,outlier_z-score,,z-score,decimate64,decimate,SDP/test_elderAL/result/full_tests/elderAL_80_pipeline_csitime_summary.csv
ElderAL,elderAL_045,csitime,ok,0.9037037037037036,90.37037037037035,savgol_w7_p3,outlier_z-score,,min-max,linear64,linear,SDP/test_elderAL/result/full_tests/elderAL_80_pipeline_csitime_summary.csv
ElderAL,elderAL_046,csitime,ok,0.8592592592592593,85.92592592592592,savgol_w7_p3,outlier_z-score,,min-max,cubic64,cubic,SDP/test_elderAL/result/full_tests/elderAL_80_pipeline_csitime_summary.csv
ElderAL,elderAL_047,csitime,ok,0.8888888888888888,88.88888888888889,savgol_w7_p3,outlier_z-score,,min-max,nearest64,nearest,SDP/test_elderAL/result/full_tests/elderAL_80_pipeline_csitime_summary.csv
ElderAL,elderAL_048,csitime,ok,0.8407407407407408,84.07407407407408,savgol_w7_p3,outlier_z-score,,min-max,decimate64,decimate,SDP/test_elderAL/result/full_tests/elderAL_80_pipeline_csitime_summary.csv
ElderAL,elderAL_049,csitime,ok,0.7074074074074074,70.74074074074073,bandpass_0.5-50,iqr,,z-score,linear64,linear,SDP/test_elderAL/result/full_tests/elderAL_80_pipeline_csitime_summary.csv
ElderAL,elderAL_050,csitime,ok,0.7333333333333333,73.33333333333333,bandpass_0.5-50,iqr,,z-score,cubic64,cubic,SDP/test_elderAL/result/full_tests/elderAL_80_pipeline_csitime_summary.csv
ElderAL,elderAL_051,csitime,ok,0.7185185185185186,71.85185185185186,bandpass_0.5-50,iqr,,z-score,nearest64,nearest,SDP/test_elderAL/result/full_tests/elderAL_80_pipeline_csitime_summary.csv
ElderAL,elderAL_052,csitime,ok,0.8444444444444444,84.44444444444444,bandpass_0.5-50,iqr,,z-score,decimate64,decimate,SDP/test_elderAL/result/full_tests/elderAL_80_pipeline_csitime_summary.csv
ElderAL,elderAL_053,csitime,ok,0.8444444444444444,84.44444444444444,bandpass_0.5-50,iqr,,min-max,linear64,linear,SDP/test_elderAL/result/full_tests/elderAL_80_pipeline_csitime_summary.csv
ElderAL,elderAL_054,csitime,ok,0.7925925925925926,79.25925925925927,bandpass_0.5-50,iqr,,min-max,cubic64,cubic,SDP/test_elderAL/result/full_tests/elderAL_80_pipeline_csitime_summary.csv
ElderAL,elderAL_055,csitime,ok,0.8074074074074075,80.74074074074075,bandpass_0.5-50,iqr,,min-max,nearest64,nearest,SDP/test_elderAL/result/full_tests/elderAL_80_pipeline_csitime_summary.csv
ElderAL,elderAL_056,csitime,ok,0.8296296296296296,82.96296296296296,bandpass_0.5-50,iqr,,min-max,decimate64,decimate,SDP/test_elderAL/result/full_tests/elderAL_80_pipeline_csitime_summary.csv
ElderAL,elderAL_057,csitime,ok,0.8407407407407408,84.07407407407408,bandpass_0.5-50,outlier_z-score,,z-score,linear64,linear,SDP/test_elderAL/result/full_tests/elderAL_80_pipeline_csitime_summary.csv
ElderAL,elderAL_058,csitime,ok,0.8518518518518519,85.18518518518519,bandpass_0.5-50,outlier_z-score,,z-score,cubic64,cubic,SDP/test_elderAL/result/full_tests/elderAL_80_pipeline_csitime_summary.csv
ElderAL,elderAL_059,csitime,ok,0.8592592592592593,85.92592592592592,bandpass_0.5-50,outlier_z-score,,z-score,nearest64,nearest,SDP/test_elderAL/result/full_tests/elderAL_80_pipeline_csitime_summary.csv
ElderAL,elderAL_060,csitime,ok,0.8185185185185185,81.85185185185185,bandpass_0.5-50,outlier_z-score,,z-score,decimate64,decimate,SDP/test_elderAL/result/full_tests/elderAL_80_pipeline_csitime_summary.csv
ElderAL,elderAL_061,csitime,ok,0.8851851851851852,88.51851851851852,bandpass_0.5-50,outlier_z-score,,min-max,linear64,linear,SDP/test_elderAL/result/full_tests/elderAL_80_pipeline_csitime_summary.csv
ElderAL,elderAL_062,csitime,ok,0.8666666666666667,86.66666666666667,bandpass_0.5-50,outlier_z-score,,min-max,cubic64,cubic,SDP/test_elderAL/result/full_tests/elderAL_80_pipeline_csitime_summary.csv
ElderAL,elderAL_063,csitime,ok,0.8629629629629629,86.29629629629629,bandpass_0.5-50,outlier_z-score,,min-max,nearest64,nearest,SDP/test_elderAL/result/full_tests/elderAL_80_pipeline_csitime_summary.csv
ElderAL,elderAL_064,csitime,ok,0.8888888888888888,88.88888888888889,bandpass_0.5-50,outlier_z-score,,min-max,decimate64,decimate,SDP/test_elderAL/result/full_tests/elderAL_80_pipeline_csitime_summary.csv
ElderAL,elderAL_065,csitime,ok,0.6222222222222222,62.22222222222222,hampel_w5_s3,iqr,,z-score,linear64,linear,SDP/test_elderAL/result/full_tests/elderAL_80_pipeline_csitime_summary.csv
ElderAL,elderAL_066,csitime,ok,0.5851851851851851,58.51851851851851,hampel_w5_s3,iqr,,z-score,cubic64,cubic,SDP/test_elderAL/result/full_tests/elderAL_80_pipeline_csitime_summary.csv
ElderAL,elderAL_067,csitime,ok,0.6370370370370371,63.70370370370371,hampel_w5_s3,iqr,,z-score,nearest64,nearest,SDP/test_elderAL/result/full_tests/elderAL_80_pipeline_csitime_summary.csv
ElderAL,elderAL_068,csitime,ok,0.7333333333333333,73.33333333333333,hampel_w5_s3,iqr,,z-score,decimate64,decimate,SDP/test_elderAL/result/full_tests/elderAL_80_pipeline_csitime_summary.csv
ElderAL,elderAL_069,csitime,ok,0.6407407407407407,64.07407407407408,hampel_w5_s3,iqr,,min-max,linear64,linear,SDP/test_elderAL/result/full_tests/elderAL_80_pipeline_csitime_summary.csv
ElderAL,elderAL_070,csitime,ok,0.6074074074074074,60.74074074074074,hampel_w5_s3,iqr,,min-max,cubic64,cubic,SDP/test_elderAL/result/full_tests/elderAL_80_pipeline_csitime_summary.csv
ElderAL,elderAL_071,csitime,ok,0.6666666666666666,66.66666666666666,hampel_w5_s3,iqr,,min-max,nearest64,nearest,SDP/test_elderAL/result/full_tests/elderAL_80_pipeline_csitime_summary.csv
ElderAL,elderAL_072,csitime,ok,0.6851851851851852,68.51851851851852,hampel_w5_s3,iqr,,min-max,decimate64,decimate,SDP/test_elderAL/result/full_tests/elderAL_80_pipeline_csitime_summary.csv
ElderAL,elderAL_073,csitime,ok,0.5925925925925926,59.25925925925925,hampel_w5_s3,outlier_z-score,,z-score,linear64,linear,SDP/test_elderAL/result/full_tests/elderAL_80_pipeline_csitime_summary.csv
ElderAL,elderAL_074,csitime,ok,0.6111111111111112,61.111111111111114,hampel_w5_s3,outlier_z-score,,z-score,cubic64,cubic,SDP/test_elderAL/result/full_tests/elderAL_80_pipeline_csitime_summary.csv
ElderAL,elderAL_075,csitime,ok,0.6185185185185185,61.85185185185185,hampel_w5_s3,outlier_z-score,,z-score,nearest64,nearest,SDP/test_elderAL/result/full_tests/elderAL_80_pipeline_csitime_summary.csv
ElderAL,elderAL_076,csitime,ok,0.7185185185185186,71.85185185185186,hampel_w5_s3,outlier_z-score,,z-score,decimate64,decimate,SDP/test_elderAL/result/full_tests/elderAL_80_pipeline_csitime_summary.csv
ElderAL,elderAL_077,csitime,ok,0.6481481481481481,64.81481481481481,hampel_w5_s3,outlier_z-score,,min-max,linear64,linear,SDP/test_elderAL/result/full_tests/elderAL_80_pipeline_csitime_summary.csv
ElderAL,elderAL_078,csitime,ok,0.6444444444444445,64.44444444444444,hampel_w5_s3,outlier_z-score,,min-max,cubic64,cubic,SDP/test_elderAL/result/full_tests/elderAL_80_pipeline_csitime_summary.csv
ElderAL,elderAL_079,csitime,ok,0.6185185185185185,61.85185185185185,hampel_w5_s3,outlier_z-score,,min-max,nearest64,nearest,SDP/test_elderAL/result/full_tests/elderAL_80_pipeline_csitime_summary.csv
ElderAL,elderAL_080,csitime,ok,0.6407407407407407,64.07407407407408,hampel_w5_s3,outlier_z-score,,min-max,decimate64,decimate,SDP/test_elderAL/result/full_tests/elderAL_80_pipeline_csitime_summary.csv
