dataset,preset,model,status,test_acc,test_acc_pct,source_file
Widar,high_quality,csimodel,ok,0.6101010101010101,61.01010101010102,SDP/test_wider/result/preset_tests/condition_v2_all_presets_models_summary.csv
Widar,high_quality,mlpmodel,ok,0.6505050505050505,65.05050505050505,SDP/test_wider/result/preset_tests/condition_v2_all_presets_models_summary.csv
Widar,high_quality,cnn1dmodel,ok,0.6252525252525253,62.525252525252526,SDP/test_wider/result/preset_tests/condition_v2_all_presets_models_summary.csv
Widar,high_quality,cnn2dmodel,failed,,,SDP/test_wider/result/preset_tests/condition_v2_all_presets_models_summary.csv
Widar,high_quality,lstmmodel,ok,0.5646464646464646,56.464646464646464,SDP/test_wider/result/preset_tests/condition_v2_all_presets_models_summary.csv
Widar,high_quality,resnet1d,ok,0.5848484848484848,58.484848484848484,SDP/test_wider/result/preset_tests/condition_v2_all_presets_models_summary.csv
Widar,high_quality,resnet2d,ok,0.5858585858585859,58.58585858585859,SDP/test_wider/result/preset_tests/condition_v2_all_presets_models_summary.csv
Widar,high_quality,bilstmattention,ok,0.597979797979798,59.79797979797979,SDP/test_wider/result/preset_tests/condition_v2_all_presets_models_summary.csv
Widar,high_quality,efficientnetcsi,failed,,,SDP/test_wider/result/preset_tests/condition_v2_all_presets_models_summary.csv
Widar,high_quality,visiontransformercsi,failed,,,SDP/test_wider/result/preset_tests/condition_v2_all_presets_models_summary.csv
Widar,high_quality,mambacsi,skipped,,,SDP/test_wider/result/preset_tests/condition_v2_all_presets_models_summary.csv
Widar,high_quality,graphneuralcsi,skipped,,,SDP/test_wider/result/preset_tests/condition_v2_all_presets_models_summary.csv
Widar,high_quality,that,ok,0.591919191919192,59.1919191919192,SDP/test_wider/result/preset_tests/condition_v2_all_presets_models_summary.csv
Widar,high_quality,csitime,ok,0.6292929292929293,62.929292929292934,SDP/test_wider/result/preset_tests/condition_v2_all_presets_models_summary.csv
Widar,high_quality,pa_csi,ok,0.5868686868686869,58.686868686868685,SDP/test_wider/result/preset_tests/condition_v2_all_presets_models_summary.csv
Widar,high_quality,wiflexformer,ok,0.6171717171717171,61.717171717171716,SDP/test_wider/result/preset_tests/condition_v2_all_presets_models_summary.csv
Widar,high_quality,attentiongru,ok,0.597979797979798,59.79797979797979,SDP/test_wider/result/preset_tests/condition_v2_all_presets_models_summary.csv
Widar,high_quality,ei,ok,0.6181818181818182,61.81818181818181,SDP/test_wider/result/preset_tests/condition_v2_all_presets_models_summary.csv
Widar,high_quality,fewsense,ok,0.5787878787878787,57.878787878787875,SDP/test_wider/result/preset_tests/condition_v2_all_presets_models_summary.csv
Widar,fast,visiontransformercsi,skipped,,,SDP/test_wider/result/preset_tests/condition_v2_all_presets_models_summary.csv
Widar,fast,mambacsi,skipped,,,SDP/test_wider/result/preset_tests/condition_v2_all_presets_models_summary.csv
Widar,fast,graphneuralcsi,skipped,,,SDP/test_wider/result/preset_tests/condition_v2_all_presets_models_summary.csv
Widar,fast,csimodel,ok,0.5888888888888889,58.88888888888889,SDP/test_wider/result/preset_tests/condition_v2_all_presets_models_summary.csv
Widar,fast,mlpmodel,ok,0.6595959595959596,65.95959595959596,SDP/test_wider/result/preset_tests/condition_v2_all_presets_models_summary.csv
Widar,fast,cnn1dmodel,ok,0.6303030303030303,63.030303030303024,SDP/test_wider/result/preset_tests/condition_v2_all_presets_models_summary.csv
Widar,fast,cnn2dmodel,failed,,,SDP/test_wider/result/preset_tests/condition_v2_all_presets_models_summary.csv
Widar,fast,lstmmodel,ok,0.5696969696969697,56.96969696969697,SDP/test_wider/result/preset_tests/condition_v2_all_presets_models_summary.csv
Widar,fast,resnet1d,ok,0.6,60.0,SDP/test_wider/result/preset_tests/condition_v2_all_presets_models_summary.csv
Widar,fast,resnet2d,ok,0.593939393939394,59.3939393939394,SDP/test_wider/result/preset_tests/condition_v2_all_presets_models_summary.csv
Widar,fast,bilstmattention,ok,0.5959595959595959,59.59595959595959,SDP/test_wider/result/preset_tests/condition_v2_all_presets_models_summary.csv
Widar,fast,efficientnetcsi,failed,,,SDP/test_wider/result/preset_tests/condition_v2_all_presets_models_summary.csv
Widar,fast,that,ok,0.5686868686868687,56.868686868686865,SDP/test_wider/result/preset_tests/condition_v2_all_presets_models_summary.csv
Widar,fast,csitime,ok,0.601010101010101,60.1010101010101,SDP/test_wider/result/preset_tests/condition_v2_all_presets_models_summary.csv
Widar,fast,pa_csi,ok,0.5797979797979798,57.97979797979798,SDP/test_wider/result/preset_tests/condition_v2_all_presets_models_summary.csv
Widar,fast,wiflexformer,ok,0.6070707070707071,60.70707070707071,SDP/test_wider/result/preset_tests/condition_v2_all_presets_models_summary.csv
Widar,fast,attentiongru,ok,0.601010101010101,60.1010101010101,SDP/test_wider/result/preset_tests/condition_v2_all_presets_models_summary.csv
Widar,fast,ei,ok,0.6101010101010101,61.01010101010102,SDP/test_wider/result/preset_tests/condition_v2_all_presets_models_summary.csv
Widar,fast,fewsense,ok,0.5515151515151515,55.15151515151515,SDP/test_wider/result/preset_tests/condition_v2_all_presets_models_summary.csv
Widar,robust,visiontransformercsi,skipped,,,SDP/test_wider/result/preset_tests/condition_v2_all_presets_models_summary.csv
Widar,robust,mambacsi,skipped,,,SDP/test_wider/result/preset_tests/condition_v2_all_presets_models_summary.csv
Widar,robust,graphneuralcsi,skipped,,,SDP/test_wider/result/preset_tests/condition_v2_all_presets_models_summary.csv
Widar,robust,csimodel,ok,0.5818181818181818,58.18181818181818,SDP/test_wider/result/preset_tests/condition_v2_all_presets_models_summary.csv
Widar,robust,mlpmodel,ok,0.6333333333333333,63.33333333333333,SDP/test_wider/result/preset_tests/condition_v2_all_presets_models_summary.csv
Widar,robust,cnn1dmodel,ok,0.5636363636363636,56.36363636363636,SDP/test_wider/result/preset_tests/condition_v2_all_presets_models_summary.csv
Widar,robust,cnn2dmodel,failed,,,SDP/test_wider/result/preset_tests/condition_v2_all_presets_models_summary.csv
Widar,robust,lstmmodel,ok,0.5808080808080808,58.080808080808076,SDP/test_wider/result/preset_tests/condition_v2_all_presets_models_summary.csv
Widar,robust,resnet1d,ok,0.5656565656565656,56.56565656565656,SDP/test_wider/result/preset_tests/condition_v2_all_presets_models_summary.csv
Widar,robust,resnet2d,ok,0.5696969696969697,56.96969696969697,SDP/test_wider/result/preset_tests/condition_v2_all_presets_models_summary.csv
Widar,robust,bilstmattention,ok,0.5777777777777777,57.77777777777777,SDP/test_wider/result/preset_tests/condition_v2_all_presets_models_summary.csv
Widar,robust,efficientnetcsi,failed,,,SDP/test_wider/result/preset_tests/condition_v2_all_presets_models_summary.csv
Widar,robust,that,ok,0.6272727272727273,62.727272727272734,SDP/test_wider/result/preset_tests/condition_v2_all_presets_models_summary.csv
Widar,robust,csitime,ok,0.5363636363636364,53.63636363636364,SDP/test_wider/result/preset_tests/condition_v2_all_presets_models_summary.csv
Widar,robust,pa_csi,ok,0.5616161616161616,56.16161616161616,SDP/test_wider/result/preset_tests/condition_v2_all_presets_models_summary.csv
Widar,robust,wiflexformer,ok,0.5808080808080808,58.080808080808076,SDP/test_wider/result/preset_tests/condition_v2_all_presets_models_summary.csv
Widar,robust,attentiongru,ok,0.5757575757575758,57.57575757575758,SDP/test_wider/result/preset_tests/condition_v2_all_presets_models_summary.csv
Widar,robust,ei,ok,0.5585858585858586,55.85858585858586,SDP/test_wider/result/preset_tests/condition_v2_all_presets_models_summary.csv
Widar,robust,fewsense,ok,0.6323232323232323,63.23232323232323,SDP/test_wider/result/preset_tests/condition_v2_all_presets_models_summary.csv
Widar,gesture_recognition,visiontransformercsi,skipped,,,SDP/test_wider/result/preset_tests/condition_v2_all_presets_models_summary.csv
Widar,gesture_recognition,mambacsi,skipped,,,SDP/test_wider/result/preset_tests/condition_v2_all_presets_models_summary.csv
Widar,gesture_recognition,graphneuralcsi,skipped,,,SDP/test_wider/result/preset_tests/condition_v2_all_presets_models_summary.csv
Widar,gesture_recognition,csimodel,ok,0.593939393939394,59.3939393939394,SDP/test_wider/result/preset_tests/condition_v2_all_presets_models_summary.csv
Widar,gesture_recognition,mlpmodel,ok,0.6868686868686869,68.68686868686868,SDP/test_wider/result/preset_tests/condition_v2_all_presets_models_summary.csv
Widar,gesture_recognition,cnn1dmodel,ok,0.6383838383838384,63.83838383838384,SDP/test_wider/result/preset_tests/condition_v2_all_presets_models_summary.csv
Widar,gesture_recognition,cnn2dmodel,failed,,,SDP/test_wider/result/preset_tests/condition_v2_all_presets_models_summary.csv
Widar,gesture_recognition,lstmmodel,ok,0.5757575757575758,57.57575757575758,SDP/test_wider/result/preset_tests/condition_v2_all_presets_models_summary.csv
Widar,gesture_recognition,resnet1d,ok,0.604040404040404,60.4040404040404,SDP/test_wider/result/preset_tests/condition_v2_all_presets_models_summary.csv
Widar,gesture_recognition,resnet2d,ok,0.5838383838383838,58.38383838383838,SDP/test_wider/result/preset_tests/condition_v2_all_presets_models_summary.csv
Widar,gesture_recognition,bilstmattention,ok,0.602020202020202,60.2020202020202,SDP/test_wider/result/preset_tests/condition_v2_all_presets_models_summary.csv
Widar,gesture_recognition,efficientnetcsi,failed,,,SDP/test_wider/result/preset_tests/condition_v2_all_presets_models_summary.csv
Widar,gesture_recognition,that,ok,0.5838383838383838,58.38383838383838,SDP/test_wider/result/preset_tests/condition_v2_all_presets_models_summary.csv
Widar,gesture_recognition,csitime,ok,0.6292929292929293,62.929292929292934,SDP/test_wider/result/preset_tests/condition_v2_all_presets_models_summary.csv
Widar,gesture_recognition,pa_csi,ok,0.5888888888888889,58.88888888888889,SDP/test_wider/result/preset_tests/condition_v2_all_presets_models_summary.csv
Widar,gesture_recognition,wiflexformer,ok,0.6262626262626263,62.62626262626263,SDP/test_wider/result/preset_tests/condition_v2_all_presets_models_summary.csv
Widar,gesture_recognition,attentiongru,ok,0.6060606060606061,60.60606060606061,SDP/test_wider/result/preset_tests/condition_v2_all_presets_models_summary.csv
Widar,gesture_recognition,ei,ok,0.6222222222222222,62.22222222222222,SDP/test_wider/result/preset_tests/condition_v2_all_presets_models_summary.csv
Widar,gesture_recognition,fewsense,ok,0.5858585858585859,58.58585858585859,SDP/test_wider/result/preset_tests/condition_v2_all_presets_models_summary.csv
Widar,activity_detection,visiontransformercsi,skipped,,,SDP/test_wider/result/preset_tests/condition_v2_all_presets_models_summary.csv
Widar,activity_detection,mambacsi,skipped,,,SDP/test_wider/result/preset_tests/condition_v2_all_presets_models_summary.csv
Widar,activity_detection,graphneuralcsi,skipped,,,SDP/test_wider/result/preset_tests/condition_v2_all_presets_models_summary.csv
Widar,activity_detection,csimodel,ok,0.5757575757575758,57.57575757575758,SDP/test_wider/result/preset_tests/condition_v2_all_presets_models_summary.csv
Widar,activity_detection,mlpmodel,ok,0.6494949494949495,64.94949494949495,SDP/test_wider/result/preset_tests/condition_v2_all_presets_models_summary.csv
Widar,activity_detection,cnn1dmodel,ok,0.6212121212121212,62.121212121212125,SDP/test_wider/result/preset_tests/condition_v2_all_presets_models_summary.csv
Widar,activity_detection,cnn2dmodel,failed,,,SDP/test_wider/result/preset_tests/condition_v2_all_presets_models_summary.csv
Widar,activity_detection,lstmmodel,ok,0.5707070707070707,57.07070707070707,SDP/test_wider/result/preset_tests/condition_v2_all_presets_models_summary.csv
Widar,activity_detection,resnet1d,ok,0.5767676767676768,57.67676767676768,SDP/test_wider/result/preset_tests/condition_v2_all_presets_models_summary.csv
Widar,activity_detection,resnet2d,ok,0.6050505050505051,60.505050505050505,SDP/test_wider/result/preset_tests/condition_v2_all_presets_models_summary.csv
Widar,activity_detection,bilstmattention,ok,0.5767676767676768,57.67676767676768,SDP/test_wider/result/preset_tests/condition_v2_all_presets_models_summary.csv
Widar,activity_detection,efficientnetcsi,failed,,,SDP/test_wider/result/preset_tests/condition_v2_all_presets_models_summary.csv
Widar,activity_detection,that,ok,0.5555555555555556,55.55555555555556,SDP/test_wider/result/preset_tests/condition_v2_all_presets_models_summary.csv
Widar,activity_detection,csitime,ok,0.6121212121212121,61.212121212121204,SDP/test_wider/result/preset_tests/condition_v2_all_presets_models_summary.csv
Widar,activity_detection,pa_csi,ok,0.5797979797979798,57.97979797979798,SDP/test_wider/result/preset_tests/condition_v2_all_presets_models_summary.csv
Widar,activity_detection,wiflexformer,ok,0.6161616161616161,61.61616161616161,SDP/test_wider/result/preset_tests/condition_v2_all_presets_models_summary.csv
Widar,activity_detection,attentiongru,ok,0.6090909090909091,60.909090909090914,SDP/test_wider/result/preset_tests/condition_v2_all_presets_models_summary.csv
Widar,activity_detection,ei,ok,0.603030303030303,60.303030303030305,SDP/test_wider/result/preset_tests/condition_v2_all_presets_models_summary.csv
Widar,activity_detection,fewsense,ok,0.6070707070707071,60.70707070707071,SDP/test_wider/result/preset_tests/condition_v2_all_presets_models_summary.csv
Widar,localization,visiontransformercsi,skipped,,,SDP/test_wider/result/preset_tests/condition_v2_all_presets_models_summary.csv
Widar,localization,mambacsi,skipped,,,SDP/test_wider/result/preset_tests/condition_v2_all_presets_models_summary.csv
Widar,localization,graphneuralcsi,skipped,,,SDP/test_wider/result/preset_tests/condition_v2_all_presets_models_summary.csv
Widar,localization,csimodel,ok,0.5757575757575758,57.57575757575758,SDP/test_wider/result/preset_tests/condition_v2_all_presets_models_summary.csv
Widar,localization,mlpmodel,ok,0.6282828282828283,62.82828282828283,SDP/test_wider/result/preset_tests/condition_v2_all_presets_models_summary.csv
Widar,localization,cnn1dmodel,ok,0.5545454545454546,55.45454545454545,SDP/test_wider/result/preset_tests/condition_v2_all_presets_models_summary.csv
Widar,localization,cnn2dmodel,failed,,,SDP/test_wider/result/preset_tests/condition_v2_all_presets_models_summary.csv
Widar,localization,lstmmodel,ok,0.5767676767676768,57.67676767676768,SDP/test_wider/result/preset_tests/condition_v2_all_presets_models_summary.csv
Widar,localization,resnet1d,ok,0.5292929292929293,52.92929292929293,SDP/test_wider/result/preset_tests/condition_v2_all_presets_models_summary.csv
Widar,localization,resnet2d,ok,0.5454545454545454,54.54545454545454,SDP/test_wider/result/preset_tests/condition_v2_all_presets_models_summary.csv
Widar,localization,bilstmattention,ok,0.5666666666666667,56.666666666666664,SDP/test_wider/result/preset_tests/condition_v2_all_presets_models_summary.csv
Widar,localization,efficientnetcsi,failed,,,SDP/test_wider/result/preset_tests/condition_v2_all_presets_models_summary.csv
Widar,localization,that,ok,0.6262626262626263,62.62626262626263,SDP/test_wider/result/preset_tests/condition_v2_all_presets_models_summary.csv
Widar,localization,csitime,ok,0.5383838383838384,53.83838383838384,SDP/test_wider/result/preset_tests/condition_v2_all_presets_models_summary.csv
Widar,localization,pa_csi,ok,0.5727272727272728,57.27272727272727,SDP/test_wider/result/preset_tests/condition_v2_all_presets_models_summary.csv
Widar,localization,wiflexformer,ok,0.5626262626262626,56.262626262626256,SDP/test_wider/result/preset_tests/condition_v2_all_presets_models_summary.csv
Widar,localization,attentiongru,ok,0.5646464646464646,56.464646464646464,SDP/test_wider/result/preset_tests/condition_v2_all_presets_models_summary.csv
Widar,localization,ei,ok,0.5464646464646464,54.64646464646464,SDP/test_wider/result/preset_tests/condition_v2_all_presets_models_summary.csv
Widar,localization,fewsense,ok,0.6424242424242425,64.24242424242425,SDP/test_wider/result/preset_tests/condition_v2_all_presets_models_summary.csv
Gait,high_quality,csimodel,ok,0.8852931752643384,88.52931752643384,SDP/test_gait/result/preset_tests/user_id_v2_all_presets_models_summary.csv
Gait,high_quality,mlpmodel,ok,0.9173341877603332,91.73341877603332,SDP/test_gait/result/preset_tests/user_id_v2_all_presets_models_summary.csv
Gait,high_quality,cnn1dmodel,ok,0.9022749118872156,90.22749118872156,SDP/test_gait/result/preset_tests/user_id_v2_all_presets_models_summary.csv
Gait,high_quality,cnn2dmodel,failed,,,SDP/test_gait/result/preset_tests/user_id_v2_all_presets_models_summary.csv
Gait,high_quality,lstmmodel,ok,0.6055751361743031,60.55751361743032,SDP/test_gait/result/preset_tests/user_id_v2_all_presets_models_summary.csv
Gait,high_quality,resnet1d,ok,0.8202499198974688,82.02499198974688,SDP/test_gait/result/preset_tests/user_id_v2_all_presets_models_summary.csv
Gait,high_quality,resnet2d,ok,0.9157321371355336,91.57321371355336,SDP/test_gait/result/preset_tests/user_id_v2_all_presets_models_summary.csv
Gait,high_quality,bilstmattention,ok,0.7789170137776353,77.89170137776354,SDP/test_gait/result/preset_tests/user_id_v2_all_presets_models_summary.csv
Gait,high_quality,efficientnetcsi,failed,,,SDP/test_gait/result/preset_tests/user_id_v2_all_presets_models_summary.csv
Gait,high_quality,visiontransformercsi,skipped,,,SDP/test_gait/result/preset_tests/user_id_v2_all_presets_models_summary.csv
Gait,high_quality,mambacsi,skipped,,,SDP/test_gait/result/preset_tests/user_id_v2_all_presets_models_summary.csv
Gait,high_quality,graphneuralcsi,skipped,,,SDP/test_gait/result/preset_tests/user_id_v2_all_presets_models_summary.csv
Gait,high_quality,that,ok,0.669336751041333,66.9336751041333,SDP/test_gait/result/preset_tests/user_id_v2_all_presets_models_summary.csv
Gait,high_quality,csitime,ok,0.8442806792694649,84.4280679269465,SDP/test_gait/result/preset_tests/user_id_v2_all_presets_models_summary.csv
Gait,high_quality,pa_csi,ok,0.6395386094200577,63.95386094200577,SDP/test_gait/result/preset_tests/user_id_v2_all_presets_models_summary.csv
Gait,high_quality,wiflexformer,ok,0.7334187760333226,73.34187760333226,SDP/test_gait/result/preset_tests/user_id_v2_all_presets_models_summary.csv
Gait,high_quality,attentiongru,ok,0.669016340916373,66.90163409163729,SDP/test_gait/result/preset_tests/user_id_v2_all_presets_models_summary.csv
Gait,high_quality,ei,ok,0.8096763857737904,80.96763857737905,SDP/test_gait/result/preset_tests/user_id_v2_all_presets_models_summary.csv
Gait,high_quality,fewsense,ok,0.9061198333867352,90.61198333867353,SDP/test_gait/result/preset_tests/user_id_v2_all_presets_models_summary.csv
Gait,fast,csimodel,ok,0.8923421980134573,89.23421980134573,SDP/test_gait/result/preset_tests/user_id_v2_all_presets_models_summary.csv
Gait,fast,mlpmodel,ok,0.9154117270105736,91.54117270105736,SDP/test_gait/result/preset_tests/user_id_v2_all_presets_models_summary.csv
Gait,fast,visiontransformercsi,skipped,,,SDP/test_gait/result/preset_tests/user_id_v2_all_presets_models_summary.csv
Gait,fast,mambacsi,skipped,,,SDP/test_gait/result/preset_tests/user_id_v2_all_presets_models_summary.csv
Gait,fast,graphneuralcsi,skipped,,,SDP/test_gait/result/preset_tests/user_id_v2_all_presets_models_summary.csv
Gait,fast,cnn1dmodel,ok,0.9038769625120152,90.38769625120152,SDP/test_gait/result/preset_tests/user_id_v2_all_presets_models_summary.csv
Gait,fast,cnn2dmodel,failed,,,SDP/test_gait/result/preset_tests/user_id_v2_all_presets_models_summary.csv
Gait,fast,lstmmodel,ok,0.5498237744312721,54.982377443127206,SDP/test_gait/result/preset_tests/user_id_v2_all_presets_models_summary.csv
Gait,fast,resnet1d,ok,0.8164049983979493,81.64049983979493,SDP/test_gait/result/preset_tests/user_id_v2_all_presets_models_summary.csv
Gait,fast,resnet2d,ok,0.9272669016340916,92.72669016340916,SDP/test_gait/result/preset_tests/user_id_v2_all_presets_models_summary.csv
Gait,fast,bilstmattention,ok,0.7856456264017943,78.56456264017943,SDP/test_gait/result/preset_tests/user_id_v2_all_presets_models_summary.csv
Gait,fast,efficientnetcsi,failed,,,SDP/test_gait/result/preset_tests/user_id_v2_all_presets_models_summary.csv
Gait,fast,that,ok,0.6645305991669337,66.45305991669336,SDP/test_gait/result/preset_tests/user_id_v2_all_presets_models_summary.csv
Gait,fast,csitime,ok,0.8157641781480295,81.57641781480295,SDP/test_gait/result/preset_tests/user_id_v2_all_presets_models_summary.csv
Gait,fast,pa_csi,ok,0.6507529637936559,65.07529637936558,SDP/test_gait/result/preset_tests/user_id_v2_all_presets_models_summary.csv
Gait,fast,wiflexformer,ok,0.719000320410125,71.9000320410125,SDP/test_gait/result/preset_tests/user_id_v2_all_presets_models_summary.csv
Gait,fast,attentiongru,ok,0.6898429990387697,68.98429990387697,SDP/test_gait/result/preset_tests/user_id_v2_all_presets_models_summary.csv
Gait,fast,ei,ok,0.7914130086510733,79.14130086510734,SDP/test_gait/result/preset_tests/user_id_v2_all_presets_models_summary.csv
Gait,fast,fewsense,ok,0.8971483498878564,89.71483498878564,SDP/test_gait/result/preset_tests/user_id_v2_all_presets_models_summary.csv
Gait,robust,visiontransformercsi,skipped,,,SDP/test_gait/result/preset_tests/user_id_v2_all_presets_models_summary.csv
Gait,robust,mambacsi,skipped,,,SDP/test_gait/result/preset_tests/user_id_v2_all_presets_models_summary.csv
Gait,robust,graphneuralcsi,skipped,,,SDP/test_gait/result/preset_tests/user_id_v2_all_presets_models_summary.csv
Gait,robust,csimodel,ok,0.7696251201537968,76.96251201537969,SDP/test_gait/result/preset_tests/user_id_v2_all_presets_models_summary.csv
Gait,robust,mlpmodel,ok,0.8606215956424224,86.06215956424224,SDP/test_gait/result/preset_tests/user_id_v2_all_presets_models_summary.csv
Gait,robust,cnn1dmodel,ok,0.8577379045177828,85.77379045177828,SDP/test_gait/result/preset_tests/user_id_v2_all_presets_models_summary.csv
Gait,robust,cnn2dmodel,failed,,,SDP/test_gait/result/preset_tests/user_id_v2_all_presets_models_summary.csv
Gait,robust,lstmmodel,ok,0.4777314963152835,47.77314963152835,SDP/test_gait/result/preset_tests/user_id_v2_all_presets_models_summary.csv
Gait,robust,resnet1d,ok,0.8080743351489907,80.80743351489907,SDP/test_gait/result/preset_tests/user_id_v2_all_presets_models_summary.csv
Gait,robust,resnet2d,ok,0.8570970842678629,85.70970842678629,SDP/test_gait/result/preset_tests/user_id_v2_all_presets_models_summary.csv
Gait,robust,bilstmattention,ok,0.7154758090355655,71.54758090355655,SDP/test_gait/result/preset_tests/user_id_v2_all_presets_models_summary.csv
Gait,robust,efficientnetcsi,failed,,,SDP/test_gait/result/preset_tests/user_id_v2_all_presets_models_summary.csv
Gait,robust,that,ok,0.7340595962832426,73.40595962832425,SDP/test_gait/result/preset_tests/user_id_v2_all_presets_models_summary.csv
Gait,robust,csitime,ok,0.8458827298942646,84.58827298942646,SDP/test_gait/result/preset_tests/user_id_v2_all_presets_models_summary.csv
Gait,robust,pa_csi,ok,0.7077859660365268,70.77859660365267,SDP/test_gait/result/preset_tests/user_id_v2_all_presets_models_summary.csv
Gait,robust,wiflexformer,ok,0.7305350849086831,73.05350849086831,SDP/test_gait/result/preset_tests/user_id_v2_all_presets_models_summary.csv
Gait,robust,attentiongru,ok,0.6119833386735021,61.19833386735021,SDP/test_gait/result/preset_tests/user_id_v2_all_presets_models_summary.csv
Gait,robust,ei,ok,0.787247677026594,78.7247677026594,SDP/test_gait/result/preset_tests/user_id_v2_all_presets_models_summary.csv
Gait,robust,fewsense,ok,0.8183274591477091,81.83274591477091,SDP/test_gait/result/preset_tests/user_id_v2_all_presets_models_summary.csv
Gait,gesture_recognition,visiontransformercsi,skipped,,,SDP/test_gait/result/preset_tests/user_id_v2_all_presets_models_summary.csv
Gait,gesture_recognition,mambacsi,skipped,,,SDP/test_gait/result/preset_tests/user_id_v2_all_presets_models_summary.csv
Gait,gesture_recognition,graphneuralcsi,skipped,,,SDP/test_gait/result/preset_tests/user_id_v2_all_presets_models_summary.csv
Gait,gesture_recognition,csimodel,ok,0.8945850688881769,89.4585068888177,SDP/test_gait/result/preset_tests/user_id_v2_all_presets_models_summary.csv
Gait,gesture_recognition,mlpmodel,ok,0.9041973726369752,90.41973726369751,SDP/test_gait/result/preset_tests/user_id_v2_all_presets_models_summary.csv
Gait,gesture_recognition,cnn1dmodel,ok,0.881448253764819,88.14482537648189,SDP/test_gait/result/preset_tests/user_id_v2_all_presets_models_summary.csv
Gait,gesture_recognition,cnn2dmodel,failed,,,SDP/test_gait/result/preset_tests/user_id_v2_all_presets_models_summary.csv
Gait,gesture_recognition,lstmmodel,ok,0.594040371675745,59.4040371675745,SDP/test_gait/result/preset_tests/user_id_v2_all_presets_models_summary.csv
Gait,gesture_recognition,resnet1d,ok,0.8048702338993913,80.48702338993913,SDP/test_gait/result/preset_tests/user_id_v2_all_presets_models_summary.csv
Gait,gesture_recognition,resnet2d,ok,0.9272669016340916,92.72669016340916,SDP/test_gait/result/preset_tests/user_id_v2_all_presets_models_summary.csv
Gait,gesture_recognition,bilstmattention,ok,0.7548862544056392,75.48862544056392,SDP/test_gait/result/preset_tests/user_id_v2_all_presets_models_summary.csv
Gait,gesture_recognition,efficientnetcsi,failed,,,SDP/test_gait/result/preset_tests/user_id_v2_all_presets_models_summary.csv
Gait,gesture_recognition,that,ok,0.6763857737904517,67.63857737904517,SDP/test_gait/result/preset_tests/user_id_v2_all_presets_models_summary.csv
Gait,gesture_recognition,csitime,ok,0.8019865427747517,80.19865427747517,SDP/test_gait/result/preset_tests/user_id_v2_all_presets_models_summary.csv
Gait,gesture_recognition,pa_csi,ok,0.6507529637936559,65.07529637936558,SDP/test_gait/result/preset_tests/user_id_v2_all_presets_models_summary.csv
Gait,gesture_recognition,wiflexformer,ok,0.7209227811598846,72.09227811598846,SDP/test_gait/result/preset_tests/user_id_v2_all_presets_models_summary.csv
Gait,gesture_recognition,attentiongru,ok,0.6215956424223006,62.15956424223006,SDP/test_gait/result/preset_tests/user_id_v2_all_presets_models_summary.csv
Gait,gesture_recognition,ei,ok,0.7853252162768344,78.53252162768344,SDP/test_gait/result/preset_tests/user_id_v2_all_presets_models_summary.csv
Gait,gesture_recognition,fewsense,ok,0.8942646587632169,89.42646587632169,SDP/test_gait/result/preset_tests/user_id_v2_all_presets_models_summary.csv
Gait,activity_detection,visiontransformercsi,skipped,,,SDP/test_gait/result/preset_tests/user_id_v2_all_presets_models_summary.csv
Gait,activity_detection,mambacsi,skipped,,,SDP/test_gait/result/preset_tests/user_id_v2_all_presets_models_summary.csv
Gait,activity_detection,graphneuralcsi,skipped,,,SDP/test_gait/result/preset_tests/user_id_v2_all_presets_models_summary.csv
Gait,activity_detection,csimodel,ok,0.8763216917654598,87.63216917654599,SDP/test_gait/result/preset_tests/user_id_v2_all_presets_models_summary.csv
Gait,activity_detection,mlpmodel,ok,0.9074014738865748,90.74014738865748,SDP/test_gait/result/preset_tests/user_id_v2_all_presets_models_summary.csv
Gait,activity_detection,cnn1dmodel,ok,0.8926626081384171,89.26626081384171,SDP/test_gait/result/preset_tests/user_id_v2_all_presets_models_summary.csv
Gait,activity_detection,cnn2dmodel,failed,,,SDP/test_gait/result/preset_tests/user_id_v2_all_presets_models_summary.csv
Gait,activity_detection,lstmmodel,ok,0.4155719320730535,41.557193207305346,SDP/test_gait/result/preset_tests/user_id_v2_all_presets_models_summary.csv
Gait,activity_detection,resnet1d,ok,0.7785966036526755,77.85966036526754,SDP/test_gait/result/preset_tests/user_id_v2_all_presets_models_summary.csv
Gait,activity_detection,resnet2d,ok,0.9288689522588914,92.88689522588915,SDP/test_gait/result/preset_tests/user_id_v2_all_presets_models_summary.csv
Gait,activity_detection,bilstmattention,ok,0.756167894905479,75.6167894905479,SDP/test_gait/result/preset_tests/user_id_v2_all_presets_models_summary.csv
Gait,activity_detection,efficientnetcsi,failed,,,SDP/test_gait/result/preset_tests/user_id_v2_all_presets_models_summary.csv
Gait,activity_detection,that,ok,0.6712592117910926,67.12592117910926,SDP/test_gait/result/preset_tests/user_id_v2_all_presets_models_summary.csv
Gait,activity_detection,csitime,ok,0.787247677026594,78.7247677026594,SDP/test_gait/result/preset_tests/user_id_v2_all_presets_models_summary.csv
Gait,activity_detection,pa_csi,ok,0.6270426145466197,62.70426145466197,SDP/test_gait/result/preset_tests/user_id_v2_all_presets_models_summary.csv
Gait,activity_detection,wiflexformer,ok,0.731175905158603,73.1175905158603,SDP/test_gait/result/preset_tests/user_id_v2_all_presets_models_summary.csv
Gait,activity_detection,attentiongru,ok,0.4867029798141621,48.67029798141621,SDP/test_gait/result/preset_tests/user_id_v2_all_presets_models_summary.csv
Gait,activity_detection,ei,ok,0.7859660365267542,78.59660365267543,SDP/test_gait/result/preset_tests/user_id_v2_all_presets_models_summary.csv
Gait,activity_detection,fewsense,ok,0.899391220762576,89.9391220762576,SDP/test_gait/result/preset_tests/user_id_v2_all_presets_models_summary.csv
Gait,localization,visiontransformercsi,skipped,,,SDP/test_gait/result/preset_tests/user_id_v2_all_presets_models_summary.csv
Gait,localization,mambacsi,skipped,,,SDP/test_gait/result/preset_tests/user_id_v2_all_presets_models_summary.csv
Gait,localization,graphneuralcsi,skipped,,,SDP/test_gait/result/preset_tests/user_id_v2_all_presets_models_summary.csv
Gait,localization,csimodel,ok,0.7151553989106055,71.51553989106056,SDP/test_gait/result/preset_tests/user_id_v2_all_presets_models_summary.csv
Gait,localization,mlpmodel,ok,0.7866068567766742,78.66068567766742,SDP/test_gait/result/preset_tests/user_id_v2_all_presets_models_summary.csv
Gait,localization,cnn1dmodel,ok,0.7712271707785966,77.12271707785966,SDP/test_gait/result/preset_tests/user_id_v2_all_presets_models_summary.csv
Gait,localization,cnn2dmodel,failed,,,SDP/test_gait/result/preset_tests/user_id_v2_all_presets_models_summary.csv
Gait,localization,lstmmodel,ok,0.4604293495674463,46.04293495674463,SDP/test_gait/result/preset_tests/user_id_v2_all_presets_models_summary.csv
Gait,localization,resnet1d,ok,0.7888497276513938,78.88497276513938,SDP/test_gait/result/preset_tests/user_id_v2_all_presets_models_summary.csv
Gait,localization,resnet2d,ok,0.8096763857737904,80.96763857737905,SDP/test_gait/result/preset_tests/user_id_v2_all_presets_models_summary.csv
Gait,localization,bilstmattention,ok,0.6731816725408523,67.31816725408522,SDP/test_gait/result/preset_tests/user_id_v2_all_presets_models_summary.csv
Gait,localization,efficientnetcsi,failed,,,SDP/test_gait/result/preset_tests/user_id_v2_all_presets_models_summary.csv
Gait,localization,that,ok,0.7202819609099648,72.02819609099647,SDP/test_gait/result/preset_tests/user_id_v2_all_presets_models_summary.csv
Gait,localization,csitime,ok,0.8176866388977891,81.76866388977892,SDP/test_gait/result/preset_tests/user_id_v2_all_presets_models_summary.csv
Gait,localization,pa_csi,ok,0.6914450496635693,69.14450496635693,SDP/test_gait/result/preset_tests/user_id_v2_all_presets_models_summary.csv
Gait,localization,wiflexformer,ok,0.7010573534123679,70.10573534123678,SDP/test_gait/result/preset_tests/user_id_v2_all_presets_models_summary.csv
Gait,localization,attentiongru,ok,0.6344120474206985,63.44120474206984,SDP/test_gait/result/preset_tests/user_id_v2_all_presets_models_summary.csv
Gait,localization,ei,ok,0.7882089074014739,78.82089074014739,SDP/test_gait/result/preset_tests/user_id_v2_all_presets_models_summary.csv
Gait,localization,fewsense,ok,0.7295738545338033,72.95738545338033,SDP/test_gait/result/preset_tests/user_id_v2_all_presets_models_summary.csv
XRF55,high_quality,cnn2dmodel,skipped,,,SDP/test_xrf55/result/preset_tests/train_norm_nosplit_repetition_all_presets_models_summary.csv
XRF55,high_quality,efficientnetcsi,skipped,,,SDP/test_xrf55/result/preset_tests/train_norm_nosplit_repetition_all_presets_models_summary.csv
XRF55,high_quality,visiontransformercsi,skipped,,,SDP/test_xrf55/result/preset_tests/train_norm_nosplit_repetition_all_presets_models_summary.csv
XRF55,high_quality,mambacsi,skipped,,,SDP/test_xrf55/result/preset_tests/train_norm_nosplit_repetition_all_presets_models_summary.csv
XRF55,high_quality,graphneuralcsi,skipped,,,SDP/test_xrf55/result/preset_tests/train_norm_nosplit_repetition_all_presets_models_summary.csv
XRF55,high_quality,csimodel,ok,0.8045454545454546,80.45454545454545,SDP/test_xrf55/result/preset_tests/train_norm_nosplit_repetition_all_presets_models_summary.csv
XRF55,high_quality,mlpmodel,ok,0.8212121212121212,82.12121212121211,SDP/test_xrf55/result/preset_tests/train_norm_nosplit_repetition_all_presets_models_summary.csv
XRF55,high_quality,cnn1dmodel,ok,0.8121212121212121,81.21212121212122,SDP/test_xrf55/result/preset_tests/train_norm_nosplit_repetition_all_presets_models_summary.csv
XRF55,high_quality,lstmmodel,ok,0.1772727272727272,17.72727272727272,SDP/test_xrf55/result/preset_tests/train_norm_nosplit_repetition_all_presets_models_summary.csv
XRF55,high_quality,resnet1d,ok,0.8257575757575758,82.57575757575758,SDP/test_xrf55/result/preset_tests/train_norm_nosplit_repetition_all_presets_models_summary.csv
XRF55,high_quality,resnet2d,ok,0.7924242424242425,79.24242424242425,SDP/test_xrf55/result/preset_tests/train_norm_nosplit_repetition_all_presets_models_summary.csv
XRF55,high_quality,bilstmattention,ok,0.8106060606060606,81.06060606060606,SDP/test_xrf55/result/preset_tests/train_norm_nosplit_repetition_all_presets_models_summary.csv
XRF55,high_quality,that,ok,0.7757575757575758,77.57575757575758,SDP/test_xrf55/result/preset_tests/train_norm_nosplit_repetition_all_presets_models_summary.csv
XRF55,high_quality,csitime,ok,0.8151515151515152,81.51515151515152,SDP/test_xrf55/result/preset_tests/train_norm_nosplit_repetition_all_presets_models_summary.csv
XRF55,high_quality,pa_csi,ok,0.7909090909090909,79.0909090909091,SDP/test_xrf55/result/preset_tests/train_norm_nosplit_repetition_all_presets_models_summary.csv
XRF55,high_quality,wiflexformer,ok,0.8136363636363636,81.36363636363636,SDP/test_xrf55/result/preset_tests/train_norm_nosplit_repetition_all_presets_models_summary.csv
XRF55,high_quality,attentiongru,ok,0.5545454545454546,55.45454545454545,SDP/test_xrf55/result/preset_tests/train_norm_nosplit_repetition_all_presets_models_summary.csv
XRF55,high_quality,ei,ok,0.793939393939394,79.39393939393939,SDP/test_xrf55/result/preset_tests/train_norm_nosplit_repetition_all_presets_models_summary.csv
XRF55,high_quality,fewsense,ok,0.7787878787878788,77.87878787878788,SDP/test_xrf55/result/preset_tests/train_norm_nosplit_repetition_all_presets_models_summary.csv
XRF55,fast,cnn2dmodel,skipped,,,SDP/test_xrf55/result/preset_tests/train_norm_nosplit_repetition_all_presets_models_summary.csv
XRF55,fast,efficientnetcsi,skipped,,,SDP/test_xrf55/result/preset_tests/train_norm_nosplit_repetition_all_presets_models_summary.csv
XRF55,fast,visiontransformercsi,skipped,,,SDP/test_xrf55/result/preset_tests/train_norm_nosplit_repetition_all_presets_models_summary.csv
XRF55,fast,mambacsi,skipped,,,SDP/test_xrf55/result/preset_tests/train_norm_nosplit_repetition_all_presets_models_summary.csv
XRF55,fast,graphneuralcsi,skipped,,,SDP/test_xrf55/result/preset_tests/train_norm_nosplit_repetition_all_presets_models_summary.csv
XRF55,fast,csimodel,ok,0.803030303030303,80.3030303030303,SDP/test_xrf55/result/preset_tests/train_norm_nosplit_repetition_all_presets_models_summary.csv
XRF55,fast,mlpmodel,ok,0.8409090909090909,84.0909090909091,SDP/test_xrf55/result/preset_tests/train_norm_nosplit_repetition_all_presets_models_summary.csv
XRF55,fast,cnn1dmodel,ok,0.8469696969696969,84.69696969696969,SDP/test_xrf55/result/preset_tests/train_norm_nosplit_repetition_all_presets_models_summary.csv
XRF55,fast,lstmmodel,ok,0.1469696969696969,14.696969696969688,SDP/test_xrf55/result/preset_tests/train_norm_nosplit_repetition_all_presets_models_summary.csv
XRF55,fast,resnet1d,ok,0.8181818181818182,81.81818181818183,SDP/test_xrf55/result/preset_tests/train_norm_nosplit_repetition_all_presets_models_summary.csv
XRF55,fast,resnet2d,ok,0.8075757575757576,80.75757575757576,SDP/test_xrf55/result/preset_tests/train_norm_nosplit_repetition_all_presets_models_summary.csv
XRF55,fast,bilstmattention,ok,0.6909090909090909,69.0909090909091,SDP/test_xrf55/result/preset_tests/train_norm_nosplit_repetition_all_presets_models_summary.csv
XRF55,fast,that,ok,0.8090909090909091,80.9090909090909,SDP/test_xrf55/result/preset_tests/train_norm_nosplit_repetition_all_presets_models_summary.csv
XRF55,fast,csitime,ok,0.8333333333333334,83.33333333333334,SDP/test_xrf55/result/preset_tests/train_norm_nosplit_repetition_all_presets_models_summary.csv
XRF55,fast,pa_csi,ok,0.7833333333333333,78.33333333333333,SDP/test_xrf55/result/preset_tests/train_norm_nosplit_repetition_all_presets_models_summary.csv
XRF55,fast,wiflexformer,ok,0.8106060606060606,81.06060606060606,SDP/test_xrf55/result/preset_tests/train_norm_nosplit_repetition_all_presets_models_summary.csv
XRF55,fast,attentiongru,ok,0.2136363636363636,21.36363636363636,SDP/test_xrf55/result/preset_tests/train_norm_nosplit_repetition_all_presets_models_summary.csv
XRF55,fast,ei,ok,0.7954545454545454,79.54545454545455,SDP/test_xrf55/result/preset_tests/train_norm_nosplit_repetition_all_presets_models_summary.csv
XRF55,fast,fewsense,ok,0.7757575757575758,77.57575757575758,SDP/test_xrf55/result/preset_tests/train_norm_nosplit_repetition_all_presets_models_summary.csv
XRF55,robust,cnn2dmodel,skipped,,,SDP/test_xrf55/result/preset_tests/train_norm_nosplit_repetition_all_presets_models_summary.csv
XRF55,robust,efficientnetcsi,skipped,,,SDP/test_xrf55/result/preset_tests/train_norm_nosplit_repetition_all_presets_models_summary.csv
XRF55,robust,visiontransformercsi,skipped,,,SDP/test_xrf55/result/preset_tests/train_norm_nosplit_repetition_all_presets_models_summary.csv
XRF55,robust,mambacsi,skipped,,,SDP/test_xrf55/result/preset_tests/train_norm_nosplit_repetition_all_presets_models_summary.csv
XRF55,robust,graphneuralcsi,skipped,,,SDP/test_xrf55/result/preset_tests/train_norm_nosplit_repetition_all_presets_models_summary.csv
XRF55,robust,csimodel,ok,0.8015151515151515,80.15151515151516,SDP/test_xrf55/result/preset_tests/train_norm_nosplit_repetition_all_presets_models_summary.csv
XRF55,robust,mlpmodel,ok,0.8454545454545455,84.54545454545455,SDP/test_xrf55/result/preset_tests/train_norm_nosplit_repetition_all_presets_models_summary.csv
XRF55,robust,cnn1dmodel,ok,0.7984848484848485,79.84848484848484,SDP/test_xrf55/result/preset_tests/train_norm_nosplit_repetition_all_presets_models_summary.csv
XRF55,robust,lstmmodel,ok,0.2196969696969697,21.96969696969697,SDP/test_xrf55/result/preset_tests/train_norm_nosplit_repetition_all_presets_models_summary.csv
XRF55,robust,resnet1d,ok,0.8378787878787879,83.78787878787878,SDP/test_xrf55/result/preset_tests/train_norm_nosplit_repetition_all_presets_models_summary.csv
XRF55,robust,resnet2d,ok,0.793939393939394,79.39393939393939,SDP/test_xrf55/result/preset_tests/train_norm_nosplit_repetition_all_presets_models_summary.csv
XRF55,robust,bilstmattention,ok,0.7893939393939394,78.93939393939394,SDP/test_xrf55/result/preset_tests/train_norm_nosplit_repetition_all_presets_models_summary.csv
XRF55,robust,that,ok,0.7712121212121212,77.12121212121212,SDP/test_xrf55/result/preset_tests/train_norm_nosplit_repetition_all_presets_models_summary.csv
XRF55,robust,csitime,ok,0.8181818181818182,81.81818181818183,SDP/test_xrf55/result/preset_tests/train_norm_nosplit_repetition_all_presets_models_summary.csv
XRF55,robust,pa_csi,ok,0.7833333333333333,78.33333333333333,SDP/test_xrf55/result/preset_tests/train_norm_nosplit_repetition_all_presets_models_summary.csv
XRF55,robust,wiflexformer,ok,0.8121212121212121,81.21212121212122,SDP/test_xrf55/result/preset_tests/train_norm_nosplit_repetition_all_presets_models_summary.csv
XRF55,robust,attentiongru,ok,0.5636363636363636,56.36363636363636,SDP/test_xrf55/result/preset_tests/train_norm_nosplit_repetition_all_presets_models_summary.csv
XRF55,robust,ei,ok,0.8136363636363636,81.36363636363636,SDP/test_xrf55/result/preset_tests/train_norm_nosplit_repetition_all_presets_models_summary.csv
XRF55,robust,fewsense,ok,0.7742424242424243,77.42424242424242,SDP/test_xrf55/result/preset_tests/train_norm_nosplit_repetition_all_presets_models_summary.csv
XRF55,gesture_recognition,cnn2dmodel,skipped,,,SDP/test_xrf55/result/preset_tests/train_norm_nosplit_repetition_all_presets_models_summary.csv
XRF55,gesture_recognition,efficientnetcsi,skipped,,,SDP/test_xrf55/result/preset_tests/train_norm_nosplit_repetition_all_presets_models_summary.csv
XRF55,gesture_recognition,visiontransformercsi,skipped,,,SDP/test_xrf55/result/preset_tests/train_norm_nosplit_repetition_all_presets_models_summary.csv
XRF55,gesture_recognition,mambacsi,skipped,,,SDP/test_xrf55/result/preset_tests/train_norm_nosplit_repetition_all_presets_models_summary.csv
XRF55,gesture_recognition,graphneuralcsi,skipped,,,SDP/test_xrf55/result/preset_tests/train_norm_nosplit_repetition_all_presets_models_summary.csv
XRF55,gesture_recognition,csimodel,ok,0.7984848484848485,79.84848484848484,SDP/test_xrf55/result/preset_tests/train_norm_nosplit_repetition_all_presets_models_summary.csv
XRF55,gesture_recognition,mlpmodel,ok,0.8303030303030303,83.03030303030303,SDP/test_xrf55/result/preset_tests/train_norm_nosplit_repetition_all_presets_models_summary.csv
XRF55,gesture_recognition,cnn1dmodel,ok,0.8242424242424242,82.42424242424242,SDP/test_xrf55/result/preset_tests/train_norm_nosplit_repetition_all_presets_models_summary.csv
XRF55,gesture_recognition,lstmmodel,ok,0.2121212121212121,21.21212121212121,SDP/test_xrf55/result/preset_tests/train_norm_nosplit_repetition_all_presets_models_summary.csv
XRF55,gesture_recognition,resnet1d,ok,0.8363636363636363,83.63636363636363,SDP/test_xrf55/result/preset_tests/train_norm_nosplit_repetition_all_presets_models_summary.csv
XRF55,gesture_recognition,resnet2d,ok,0.7954545454545454,79.54545454545455,SDP/test_xrf55/result/preset_tests/train_norm_nosplit_repetition_all_presets_models_summary.csv
XRF55,gesture_recognition,bilstmattention,ok,0.793939393939394,79.39393939393939,SDP/test_xrf55/result/preset_tests/train_norm_nosplit_repetition_all_presets_models_summary.csv
XRF55,gesture_recognition,that,ok,0.7818181818181819,78.18181818181819,SDP/test_xrf55/result/preset_tests/train_norm_nosplit_repetition_all_presets_models_summary.csv
XRF55,gesture_recognition,csitime,ok,0.8196969696969697,81.96969696969697,SDP/test_xrf55/result/preset_tests/train_norm_nosplit_repetition_all_presets_models_summary.csv
XRF55,gesture_recognition,pa_csi,ok,0.7712121212121212,77.12121212121212,SDP/test_xrf55/result/preset_tests/train_norm_nosplit_repetition_all_presets_models_summary.csv
XRF55,gesture_recognition,wiflexformer,ok,0.8212121212121212,82.12121212121211,SDP/test_xrf55/result/preset_tests/train_norm_nosplit_repetition_all_presets_models_summary.csv
XRF55,gesture_recognition,attentiongru,ok,0.5742424242424242,57.42424242424242,SDP/test_xrf55/result/preset_tests/train_norm_nosplit_repetition_all_presets_models_summary.csv
XRF55,gesture_recognition,ei,ok,0.8242424242424242,82.42424242424242,SDP/test_xrf55/result/preset_tests/train_norm_nosplit_repetition_all_presets_models_summary.csv
XRF55,gesture_recognition,fewsense,ok,0.8,80.0,SDP/test_xrf55/result/preset_tests/train_norm_nosplit_repetition_all_presets_models_summary.csv
XRF55,activity_detection,cnn2dmodel,skipped,,,SDP/test_xrf55/result/preset_tests/train_norm_nosplit_repetition_all_presets_models_summary.csv
XRF55,activity_detection,efficientnetcsi,skipped,,,SDP/test_xrf55/result/preset_tests/train_norm_nosplit_repetition_all_presets_models_summary.csv
XRF55,activity_detection,visiontransformercsi,skipped,,,SDP/test_xrf55/result/preset_tests/train_norm_nosplit_repetition_all_presets_models_summary.csv
XRF55,activity_detection,mambacsi,skipped,,,SDP/test_xrf55/result/preset_tests/train_norm_nosplit_repetition_all_presets_models_summary.csv
XRF55,activity_detection,graphneuralcsi,skipped,,,SDP/test_xrf55/result/preset_tests/train_norm_nosplit_repetition_all_presets_models_summary.csv
XRF55,activity_detection,csimodel,ok,0.7984848484848485,79.84848484848484,SDP/test_xrf55/result/preset_tests/train_norm_nosplit_repetition_all_presets_models_summary.csv
XRF55,activity_detection,mlpmodel,ok,0.8318181818181818,83.18181818181817,SDP/test_xrf55/result/preset_tests/train_norm_nosplit_repetition_all_presets_models_summary.csv
XRF55,activity_detection,cnn1dmodel,ok,0.8212121212121212,82.12121212121211,SDP/test_xrf55/result/preset_tests/train_norm_nosplit_repetition_all_presets_models_summary.csv
XRF55,activity_detection,lstmmodel,ok,0.2106060606060606,21.06060606060606,SDP/test_xrf55/result/preset_tests/train_norm_nosplit_repetition_all_presets_models_summary.csv
XRF55,activity_detection,resnet1d,ok,0.8318181818181818,83.18181818181817,SDP/test_xrf55/result/preset_tests/train_norm_nosplit_repetition_all_presets_models_summary.csv
XRF55,activity_detection,resnet2d,ok,0.7909090909090909,79.0909090909091,SDP/test_xrf55/result/preset_tests/train_norm_nosplit_repetition_all_presets_models_summary.csv
XRF55,activity_detection,bilstmattention,ok,0.8151515151515152,81.51515151515152,SDP/test_xrf55/result/preset_tests/train_norm_nosplit_repetition_all_presets_models_summary.csv
XRF55,activity_detection,that,ok,0.7757575757575758,77.57575757575758,SDP/test_xrf55/result/preset_tests/train_norm_nosplit_repetition_all_presets_models_summary.csv
XRF55,activity_detection,csitime,ok,0.8121212121212121,81.21212121212122,SDP/test_xrf55/result/preset_tests/train_norm_nosplit_repetition_all_presets_models_summary.csv
XRF55,activity_detection,pa_csi,ok,0.7636363636363637,76.36363636363637,SDP/test_xrf55/result/preset_tests/train_norm_nosplit_repetition_all_presets_models_summary.csv
XRF55,activity_detection,wiflexformer,ok,0.8015151515151515,80.15151515151516,SDP/test_xrf55/result/preset_tests/train_norm_nosplit_repetition_all_presets_models_summary.csv
XRF55,activity_detection,attentiongru,ok,0.5787878787878787,57.878787878787875,SDP/test_xrf55/result/preset_tests/train_norm_nosplit_repetition_all_presets_models_summary.csv
XRF55,activity_detection,ei,ok,0.8469696969696969,84.69696969696969,SDP/test_xrf55/result/preset_tests/train_norm_nosplit_repetition_all_presets_models_summary.csv
XRF55,activity_detection,fewsense,ok,0.7833333333333333,78.33333333333333,SDP/test_xrf55/result/preset_tests/train_norm_nosplit_repetition_all_presets_models_summary.csv
XRF55,localization,cnn2dmodel,skipped,,,SDP/test_xrf55/result/preset_tests/train_norm_nosplit_repetition_all_presets_models_summary.csv
XRF55,localization,efficientnetcsi,skipped,,,SDP/test_xrf55/result/preset_tests/train_norm_nosplit_repetition_all_presets_models_summary.csv
XRF55,localization,visiontransformercsi,skipped,,,SDP/test_xrf55/result/preset_tests/train_norm_nosplit_repetition_all_presets_models_summary.csv
XRF55,localization,mambacsi,skipped,,,SDP/test_xrf55/result/preset_tests/train_norm_nosplit_repetition_all_presets_models_summary.csv
XRF55,localization,graphneuralcsi,skipped,,,SDP/test_xrf55/result/preset_tests/train_norm_nosplit_repetition_all_presets_models_summary.csv
XRF55,localization,csimodel,ok,0.8106060606060606,81.06060606060606,SDP/test_xrf55/result/preset_tests/train_norm_nosplit_repetition_all_presets_models_summary.csv
XRF55,localization,mlpmodel,ok,0.8151515151515152,81.51515151515152,SDP/test_xrf55/result/preset_tests/train_norm_nosplit_repetition_all_presets_models_summary.csv
XRF55,localization,cnn1dmodel,ok,0.7954545454545454,79.54545454545455,SDP/test_xrf55/result/preset_tests/train_norm_nosplit_repetition_all_presets_models_summary.csv
XRF55,localization,lstmmodel,ok,0.2212121212121212,22.121212121212118,SDP/test_xrf55/result/preset_tests/train_norm_nosplit_repetition_all_presets_models_summary.csv
XRF55,localization,resnet1d,ok,0.8409090909090909,84.0909090909091,SDP/test_xrf55/result/preset_tests/train_norm_nosplit_repetition_all_presets_models_summary.csv
XRF55,localization,resnet2d,ok,0.7439393939393939,74.39393939393939,SDP/test_xrf55/result/preset_tests/train_norm_nosplit_repetition_all_presets_models_summary.csv
XRF55,localization,bilstmattention,ok,0.7924242424242425,79.24242424242425,SDP/test_xrf55/result/preset_tests/train_norm_nosplit_repetition_all_presets_models_summary.csv
XRF55,localization,that,ok,0.7772727272727272,77.72727272727272,SDP/test_xrf55/result/preset_tests/train_norm_nosplit_repetition_all_presets_models_summary.csv
XRF55,localization,csitime,ok,0.8257575757575758,82.57575757575758,SDP/test_xrf55/result/preset_tests/train_norm_nosplit_repetition_all_presets_models_summary.csv
XRF55,localization,pa_csi,ok,0.759090909090909,75.9090909090909,SDP/test_xrf55/result/preset_tests/train_norm_nosplit_repetition_all_presets_models_summary.csv
XRF55,localization,wiflexformer,ok,0.8090909090909091,80.9090909090909,SDP/test_xrf55/result/preset_tests/train_norm_nosplit_repetition_all_presets_models_summary.csv
XRF55,localization,attentiongru,ok,0.5969696969696969,59.696969696969695,SDP/test_xrf55/result/preset_tests/train_norm_nosplit_repetition_all_presets_models_summary.csv
XRF55,localization,ei,ok,0.8348484848484848,83.48484848484848,SDP/test_xrf55/result/preset_tests/train_norm_nosplit_repetition_all_presets_models_summary.csv
XRF55,localization,fewsense,ok,0.7560606060606061,75.60606060606061,SDP/test_xrf55/result/preset_tests/train_norm_nosplit_repetition_all_presets_models_summary.csv
ElderAL,high_quality,csimodel,ok,0.6370370370370371,63.70370370370371,SDP/test_elderAL/result/preset_tests/source_action_position_all_presets_models_summary.csv
ElderAL,high_quality,mlpmodel,ok,0.5666666666666667,56.666666666666664,SDP/test_elderAL/result/preset_tests/source_action_position_all_presets_models_summary.csv
ElderAL,high_quality,cnn1dmodel,ok,0.5111111111111111,51.11111111111111,SDP/test_elderAL/result/preset_tests/source_action_position_all_presets_models_summary.csv
ElderAL,high_quality,cnn2dmodel,ok,0.4185185185185185,41.85185185185185,SDP/test_elderAL/result/preset_tests/source_action_position_all_presets_models_summary.csv
ElderAL,high_quality,lstmmodel,ok,0.1666666666666666,16.66666666666666,SDP/test_elderAL/result/preset_tests/source_action_position_all_presets_models_summary.csv
ElderAL,high_quality,resnet1d,ok,0.7481481481481481,74.81481481481481,SDP/test_elderAL/result/preset_tests/source_action_position_all_presets_models_summary.csv
ElderAL,high_quality,resnet2d,ok,0.4703703703703704,47.03703703703704,SDP/test_elderAL/result/preset_tests/source_action_position_all_presets_models_summary.csv
ElderAL,high_quality,bilstmattention,ok,0.6222222222222222,62.22222222222222,SDP/test_elderAL/result/preset_tests/source_action_position_all_presets_models_summary.csv
ElderAL,high_quality,efficientnetcsi,failed,,,SDP/test_elderAL/result/preset_tests/source_action_position_all_presets_models_summary.csv
ElderAL,high_quality,visiontransformercsi,failed,,,SDP/test_elderAL/result/preset_tests/source_action_position_all_presets_models_summary.csv
ElderAL,high_quality,mambacsi,ok,0.6555555555555556,65.55555555555556,SDP/test_elderAL/result/preset_tests/source_action_position_all_presets_models_summary.csv
ElderAL,high_quality,graphneuralcsi,ok,0.1666666666666666,16.66666666666666,SDP/test_elderAL/result/preset_tests/source_action_position_all_presets_models_summary.csv
ElderAL,high_quality,that,ok,0.8,80.0,SDP/test_elderAL/result/preset_tests/source_action_position_all_presets_models_summary.csv
ElderAL,high_quality,csitime,ok,0.9148148148148147,91.48148148148148,SDP/test_elderAL/result/preset_tests/source_action_position_all_presets_models_summary.csv
ElderAL,high_quality,pa_csi,ok,0.7111111111111111,71.11111111111111,SDP/test_elderAL/result/preset_tests/source_action_position_all_presets_models_summary.csv
ElderAL,high_quality,wiflexformer,ok,0.7481481481481481,74.81481481481481,SDP/test_elderAL/result/preset_tests/source_action_position_all_presets_models_summary.csv
ElderAL,high_quality,attentiongru,ok,0.7962962962962963,79.62962962962963,SDP/test_elderAL/result/preset_tests/source_action_position_all_presets_models_summary.csv
ElderAL,high_quality,ei,ok,0.6888888888888889,68.88888888888889,SDP/test_elderAL/result/preset_tests/source_action_position_all_presets_models_summary.csv
ElderAL,high_quality,fewsense,ok,0.3148148148148148,31.48148148148148,SDP/test_elderAL/result/preset_tests/source_action_position_all_presets_models_summary.csv
ElderAL,fast,csimodel,ok,0.6,60.0,SDP/test_elderAL/result/preset_tests/source_action_position_all_presets_models_summary.csv
ElderAL,fast,mlpmodel,ok,0.5555555555555556,55.55555555555556,SDP/test_elderAL/result/preset_tests/source_action_position_all_presets_models_summary.csv
ElderAL,fast,cnn1dmodel,ok,0.6444444444444445,64.44444444444444,SDP/test_elderAL/result/preset_tests/source_action_position_all_presets_models_summary.csv
ElderAL,fast,cnn2dmodel,ok,0.4629629629629629,46.29629629629629,SDP/test_elderAL/result/preset_tests/source_action_position_all_presets_models_summary.csv
ElderAL,fast,lstmmodel,ok,0.1666666666666666,16.66666666666666,SDP/test_elderAL/result/preset_tests/source_action_position_all_presets_models_summary.csv
ElderAL,fast,resnet1d,ok,0.762962962962963,76.29629629629629,SDP/test_elderAL/result/preset_tests/source_action_position_all_presets_models_summary.csv
ElderAL,fast,resnet2d,ok,0.4666666666666667,46.666666666666664,SDP/test_elderAL/result/preset_tests/source_action_position_all_presets_models_summary.csv
ElderAL,fast,bilstmattention,ok,0.6074074074074074,60.74074074074074,SDP/test_elderAL/result/preset_tests/source_action_position_all_presets_models_summary.csv
ElderAL,fast,efficientnetcsi,failed,,,SDP/test_elderAL/result/preset_tests/source_action_position_all_presets_models_summary.csv
ElderAL,fast,visiontransformercsi,failed,,,SDP/test_elderAL/result/preset_tests/source_action_position_all_presets_models_summary.csv
ElderAL,fast,mambacsi,ok,0.7777777777777778,77.77777777777779,SDP/test_elderAL/result/preset_tests/source_action_position_all_presets_models_summary.csv
ElderAL,fast,graphneuralcsi,ok,0.1666666666666666,16.66666666666666,SDP/test_elderAL/result/preset_tests/source_action_position_all_presets_models_summary.csv
ElderAL,fast,that,ok,0.7777777777777778,77.77777777777779,SDP/test_elderAL/result/preset_tests/source_action_position_all_presets_models_summary.csv
ElderAL,fast,csitime,ok,0.825925925925926,82.5925925925926,SDP/test_elderAL/result/preset_tests/source_action_position_all_presets_models_summary.csv
ElderAL,fast,pa_csi,ok,0.7222222222222222,72.22222222222221,SDP/test_elderAL/result/preset_tests/source_action_position_all_presets_models_summary.csv
ElderAL,fast,wiflexformer,ok,0.737037037037037,73.70370370370371,SDP/test_elderAL/result/preset_tests/source_action_position_all_presets_models_summary.csv
ElderAL,fast,attentiongru,ok,0.7962962962962963,79.62962962962963,SDP/test_elderAL/result/preset_tests/source_action_position_all_presets_models_summary.csv
ElderAL,fast,ei,ok,0.5888888888888889,58.88888888888889,SDP/test_elderAL/result/preset_tests/source_action_position_all_presets_models_summary.csv
ElderAL,fast,fewsense,ok,0.3333333333333333,33.33333333333333,SDP/test_elderAL/result/preset_tests/source_action_position_all_presets_models_summary.csv
ElderAL,robust,csimodel,ok,0.6,60.0,SDP/test_elderAL/result/preset_tests/source_action_position_all_presets_models_summary.csv
ElderAL,robust,mlpmodel,ok,0.5148148148148148,51.48148148148148,SDP/test_elderAL/result/preset_tests/source_action_position_all_presets_models_summary.csv
ElderAL,robust,cnn1dmodel,ok,0.5777777777777777,57.77777777777777,SDP/test_elderAL/result/preset_tests/source_action_position_all_presets_models_summary.csv
ElderAL,robust,cnn2dmodel,ok,0.437037037037037,43.7037037037037,SDP/test_elderAL/result/preset_tests/source_action_position_all_presets_models_summary.csv
ElderAL,robust,lstmmodel,ok,0.1666666666666666,16.66666666666666,SDP/test_elderAL/result/preset_tests/source_action_position_all_presets_models_summary.csv
ElderAL,robust,resnet1d,ok,0.7111111111111111,71.11111111111111,SDP/test_elderAL/result/preset_tests/source_action_position_all_presets_models_summary.csv
ElderAL,robust,resnet2d,ok,0.4296296296296296,42.96296296296296,SDP/test_elderAL/result/preset_tests/source_action_position_all_presets_models_summary.csv
ElderAL,robust,bilstmattention,ok,0.5851851851851851,58.51851851851851,SDP/test_elderAL/result/preset_tests/source_action_position_all_presets_models_summary.csv
ElderAL,robust,efficientnetcsi,failed,,,SDP/test_elderAL/result/preset_tests/source_action_position_all_presets_models_summary.csv
ElderAL,robust,visiontransformercsi,failed,,,SDP/test_elderAL/result/preset_tests/source_action_position_all_presets_models_summary.csv
ElderAL,robust,mambacsi,ok,0.6555555555555556,65.55555555555556,SDP/test_elderAL/result/preset_tests/source_action_position_all_presets_models_summary.csv
ElderAL,robust,graphneuralcsi,ok,0.1925925925925926,19.25925925925926,SDP/test_elderAL/result/preset_tests/source_action_position_all_presets_models_summary.csv
ElderAL,robust,that,ok,0.7592592592592593,75.92592592592592,SDP/test_elderAL/result/preset_tests/source_action_position_all_presets_models_summary.csv
ElderAL,robust,csitime,ok,0.8555555555555555,85.55555555555556,SDP/test_elderAL/result/preset_tests/source_action_position_all_presets_models_summary.csv
ElderAL,robust,pa_csi,ok,0.7333333333333333,73.33333333333333,SDP/test_elderAL/result/preset_tests/source_action_position_all_presets_models_summary.csv
ElderAL,robust,wiflexformer,ok,0.7296296296296296,72.96296296296296,SDP/test_elderAL/result/preset_tests/source_action_position_all_presets_models_summary.csv
ElderAL,robust,attentiongru,ok,0.7407407407407407,74.07407407407408,SDP/test_elderAL/result/preset_tests/source_action_position_all_presets_models_summary.csv
ElderAL,robust,ei,ok,0.6962962962962963,69.62962962962963,SDP/test_elderAL/result/preset_tests/source_action_position_all_presets_models_summary.csv
ElderAL,robust,fewsense,ok,0.3148148148148148,31.48148148148148,SDP/test_elderAL/result/preset_tests/source_action_position_all_presets_models_summary.csv
ElderAL,gesture_recognition,csimodel,ok,0.7296296296296296,72.96296296296296,SDP/test_elderAL/result/preset_tests/source_action_position_all_presets_models_summary.csv
ElderAL,gesture_recognition,mlpmodel,ok,0.7074074074074074,70.74074074074073,SDP/test_elderAL/result/preset_tests/source_action_position_all_presets_models_summary.csv
ElderAL,gesture_recognition,cnn1dmodel,ok,0.8333333333333334,83.33333333333334,SDP/test_elderAL/result/preset_tests/source_action_position_all_presets_models_summary.csv
ElderAL,gesture_recognition,cnn2dmodel,ok,0.362962962962963,36.2962962962963,SDP/test_elderAL/result/preset_tests/source_action_position_all_presets_models_summary.csv
ElderAL,gesture_recognition,lstmmodel,ok,0.1666666666666666,16.66666666666666,SDP/test_elderAL/result/preset_tests/source_action_position_all_presets_models_summary.csv
ElderAL,gesture_recognition,resnet1d,ok,0.7111111111111111,71.11111111111111,SDP/test_elderAL/result/preset_tests/source_action_position_all_presets_models_summary.csv
ElderAL,gesture_recognition,resnet2d,ok,0.8074074074074075,80.74074074074075,SDP/test_elderAL/result/preset_tests/source_action_position_all_presets_models_summary.csv
ElderAL,gesture_recognition,bilstmattention,ok,0.5185185185185185,51.85185185185185,SDP/test_elderAL/result/preset_tests/source_action_position_all_presets_models_summary.csv
ElderAL,gesture_recognition,efficientnetcsi,ok,0.737037037037037,73.70370370370371,SDP/test_elderAL/result/preset_tests/source_action_position_all_presets_models_summary.csv
ElderAL,gesture_recognition,visiontransformercsi,ok,0.6074074074074074,60.74074074074074,SDP/test_elderAL/result/preset_tests/source_action_position_all_presets_models_summary.csv
ElderAL,gesture_recognition,mambacsi,ok,0.6518518518518519,65.18518518518519,SDP/test_elderAL/result/preset_tests/source_action_position_all_presets_models_summary.csv
ElderAL,gesture_recognition,graphneuralcsi,ok,0.174074074074074,17.407407407407398,SDP/test_elderAL/result/preset_tests/source_action_position_all_presets_models_summary.csv
ElderAL,gesture_recognition,that,ok,0.7222222222222222,72.22222222222221,SDP/test_elderAL/result/preset_tests/source_action_position_all_presets_models_summary.csv
ElderAL,gesture_recognition,csitime,ok,0.8296296296296296,82.96296296296296,SDP/test_elderAL/result/preset_tests/source_action_position_all_presets_models_summary.csv
ElderAL,gesture_recognition,pa_csi,ok,0.7111111111111111,71.11111111111111,SDP/test_elderAL/result/preset_tests/source_action_position_all_presets_models_summary.csv
ElderAL,gesture_recognition,wiflexformer,ok,0.6111111111111112,61.111111111111114,SDP/test_elderAL/result/preset_tests/source_action_position_all_presets_models_summary.csv
ElderAL,gesture_recognition,attentiongru,ok,0.4925925925925926,49.25925925925926,SDP/test_elderAL/result/preset_tests/source_action_position_all_presets_models_summary.csv
ElderAL,gesture_recognition,ei,ok,0.7296296296296296,72.96296296296296,SDP/test_elderAL/result/preset_tests/source_action_position_all_presets_models_summary.csv
ElderAL,gesture_recognition,fewsense,ok,0.6148148148148148,61.48148148148148,SDP/test_elderAL/result/preset_tests/source_action_position_all_presets_models_summary.csv
ElderAL,activity_detection,csimodel,ok,0.5666666666666667,56.666666666666664,SDP/test_elderAL/result/preset_tests/source_action_position_all_presets_models_summary.csv
ElderAL,activity_detection,mlpmodel,ok,0.5592592592592592,55.925925925925924,SDP/test_elderAL/result/preset_tests/source_action_position_all_presets_models_summary.csv
ElderAL,activity_detection,cnn1dmodel,ok,0.5222222222222223,52.22222222222223,SDP/test_elderAL/result/preset_tests/source_action_position_all_presets_models_summary.csv
ElderAL,activity_detection,cnn2dmodel,ok,0.4111111111111111,41.11111111111111,SDP/test_elderAL/result/preset_tests/source_action_position_all_presets_models_summary.csv
ElderAL,activity_detection,lstmmodel,ok,0.1666666666666666,16.66666666666666,SDP/test_elderAL/result/preset_tests/source_action_position_all_presets_models_summary.csv
ElderAL,activity_detection,resnet1d,ok,0.762962962962963,76.29629629629629,SDP/test_elderAL/result/preset_tests/source_action_position_all_presets_models_summary.csv
ElderAL,activity_detection,resnet2d,ok,0.3888888888888889,38.88888888888889,SDP/test_elderAL/result/preset_tests/source_action_position_all_presets_models_summary.csv
ElderAL,activity_detection,bilstmattention,ok,0.6,60.0,SDP/test_elderAL/result/preset_tests/source_action_position_all_presets_models_summary.csv
ElderAL,activity_detection,efficientnetcsi,failed,,,SDP/test_elderAL/result/preset_tests/source_action_position_all_presets_models_summary.csv
ElderAL,activity_detection,visiontransformercsi,failed,,,SDP/test_elderAL/result/preset_tests/source_action_position_all_presets_models_summary.csv
ElderAL,activity_detection,mambacsi,ok,0.6962962962962963,69.62962962962963,SDP/test_elderAL/result/preset_tests/source_action_position_all_presets_models_summary.csv
ElderAL,activity_detection,graphneuralcsi,ok,0.1666666666666666,16.66666666666666,SDP/test_elderAL/result/preset_tests/source_action_position_all_presets_models_summary.csv
ElderAL,activity_detection,that,ok,0.7185185185185186,71.85185185185186,SDP/test_elderAL/result/preset_tests/source_action_position_all_presets_models_summary.csv
ElderAL,activity_detection,csitime,ok,0.8740740740740741,87.4074074074074,SDP/test_elderAL/result/preset_tests/source_action_position_all_presets_models_summary.csv
ElderAL,activity_detection,pa_csi,ok,0.7111111111111111,71.11111111111111,SDP/test_elderAL/result/preset_tests/source_action_position_all_presets_models_summary.csv
ElderAL,activity_detection,wiflexformer,ok,0.7222222222222222,72.22222222222221,SDP/test_elderAL/result/preset_tests/source_action_position_all_presets_models_summary.csv
ElderAL,activity_detection,attentiongru,ok,0.7851851851851852,78.51851851851852,SDP/test_elderAL/result/preset_tests/source_action_position_all_presets_models_summary.csv
ElderAL,activity_detection,ei,ok,0.7222222222222222,72.22222222222221,SDP/test_elderAL/result/preset_tests/source_action_position_all_presets_models_summary.csv
ElderAL,activity_detection,fewsense,ok,0.3407407407407407,34.07407407407407,SDP/test_elderAL/result/preset_tests/source_action_position_all_presets_models_summary.csv
ElderAL,localization,csimodel,ok,0.6518518518518519,65.18518518518519,SDP/test_elderAL/result/preset_tests/source_action_position_all_presets_models_summary.csv
ElderAL,localization,mlpmodel,ok,0.6851851851851852,68.51851851851852,SDP/test_elderAL/result/preset_tests/source_action_position_all_presets_models_summary.csv
ElderAL,localization,cnn1dmodel,ok,0.5592592592592592,55.925925925925924,SDP/test_elderAL/result/preset_tests/source_action_position_all_presets_models_summary.csv
ElderAL,localization,cnn2dmodel,ok,0.3851851851851852,38.51851851851852,SDP/test_elderAL/result/preset_tests/source_action_position_all_presets_models_summary.csv
ElderAL,localization,lstmmodel,ok,0.1666666666666666,16.66666666666666,SDP/test_elderAL/result/preset_tests/source_action_position_all_presets_models_summary.csv
ElderAL,localization,resnet1d,ok,0.737037037037037,73.70370370370371,SDP/test_elderAL/result/preset_tests/source_action_position_all_presets_models_summary.csv
ElderAL,localization,resnet2d,ok,0.7,70.0,SDP/test_elderAL/result/preset_tests/source_action_position_all_presets_models_summary.csv
ElderAL,localization,bilstmattention,ok,0.5518518518518518,55.18518518518518,SDP/test_elderAL/result/preset_tests/source_action_position_all_presets_models_summary.csv
ElderAL,localization,efficientnetcsi,ok,0.6518518518518519,65.18518518518519,SDP/test_elderAL/result/preset_tests/source_action_position_all_presets_models_summary.csv
ElderAL,localization,visiontransformercsi,ok,0.4962962962962963,49.629629629629626,SDP/test_elderAL/result/preset_tests/source_action_position_all_presets_models_summary.csv
ElderAL,localization,mambacsi,ok,0.7074074074074074,70.74074074074073,SDP/test_elderAL/result/preset_tests/source_action_position_all_presets_models_summary.csv
ElderAL,localization,graphneuralcsi,ok,0.1666666666666666,16.66666666666666,SDP/test_elderAL/result/preset_tests/source_action_position_all_presets_models_summary.csv
ElderAL,localization,that,ok,0.7851851851851852,78.51851851851852,SDP/test_elderAL/result/preset_tests/source_action_position_all_presets_models_summary.csv
ElderAL,localization,csitime,ok,0.8814814814814815,88.14814814814815,SDP/test_elderAL/result/preset_tests/source_action_position_all_presets_models_summary.csv
ElderAL,localization,pa_csi,ok,0.7407407407407407,74.07407407407408,SDP/test_elderAL/result/preset_tests/source_action_position_all_presets_models_summary.csv
ElderAL,localization,wiflexformer,ok,0.6333333333333333,63.33333333333333,SDP/test_elderAL/result/preset_tests/source_action_position_all_presets_models_summary.csv
ElderAL,localization,attentiongru,ok,0.662962962962963,66.2962962962963,SDP/test_elderAL/result/preset_tests/source_action_position_all_presets_models_summary.csv
ElderAL,localization,ei,ok,0.8222222222222222,82.22222222222221,SDP/test_elderAL/result/preset_tests/source_action_position_all_presets_models_summary.csv
ElderAL,localization,fewsense,ok,0.3592592592592593,35.92592592592593,SDP/test_elderAL/result/preset_tests/source_action_position_all_presets_models_summary.csv
