dataset,preset,model,status,best_val_acc,test_acc,output_dir,error,test_acc_pct
Widar,high_quality,csimodel,ok,64.2512077294686,0.6101010101010101,/home/test/bupt_hjk/test_wider/result/condition_v2+high_quality+csimodel,,61.01010101010102
Widar,high_quality,mlpmodel,ok,69.3719806763285,0.6505050505050505,/home/test/bupt_hjk/test_wider/result/condition_v2+high_quality+mlpmodel,,65.05050505050505
Widar,high_quality,cnn1dmodel,ok,64.05797101449275,0.6252525252525253,/home/test/bupt_hjk/test_wider/result/condition_v2+high_quality+cnn1dmodel,,62.525252525252526
Widar,high_quality,cnn2dmodel,failed,,,/home/test/bupt_hjk/test_wider/result/condition_v2+high_quality+cnn2dmodel,"OutOfMemoryError('CUDA out of memory. Tried to allocate 23.44 GiB. GPU 0 has a total capacity of 79.25 GiB of which 22.13 GiB is free. Including non-PyTorch memory, this process has 57.11 GiB memory in use. Of the allocated memory 56.57 GiB is allocated by PyTorch, and 33.49 MiB is reserved by PyTorch but unallocated. If reserved but unallocated memory is large try setting PYTORCH_CUDA_ALLOC_CONF=expandable_segments:True to avoid fragmentation.  See documentation for Memory Management  (https://pytorch.org/docs/stable/notes/cuda.html#environment-variables)')",
Widar,high_quality,lstmmodel,ok,57.68115942028985,0.5646464646464646,/home/test/bupt_hjk/test_wider/result/condition_v2+high_quality+lstmmodel,,56.464646464646464
Widar,high_quality,resnet1d,ok,60.289855072463766,0.5848484848484848,/home/test/bupt_hjk/test_wider/result/condition_v2+high_quality+resnet1d,,58.484848484848484
Widar,high_quality,resnet2d,ok,61.83574879227053,0.5858585858585859,/home/test/bupt_hjk/test_wider/result/condition_v2+high_quality+resnet2d,,58.58585858585859
Widar,high_quality,bilstmattention,ok,62.89855072463768,0.597979797979798,/home/test/bupt_hjk/test_wider/result/condition_v2+high_quality+bilstmattention,,59.79797979797979
Widar,high_quality,efficientnetcsi,failed,,,/home/test/bupt_hjk/test_wider/result/condition_v2+high_quality+efficientnetcsi,"OutOfMemoryError('CUDA out of memory. Tried to allocate 986.00 MiB. GPU 0 has a total capacity of 79.25 GiB of which 731.25 MiB is free. Including non-PyTorch memory, this process has 78.52 GiB memory in use. Of the allocated memory 77.87 GiB is allocated by PyTorch, and 141.90 MiB is reserved by PyTorch but unallocated. If reserved but unallocated memory is large try setting PYTORCH_CUDA_ALLOC_CONF=expandable_segments:True to avoid fragmentation.  See documentation for Memory Management  (https://pytorch.org/docs/stable/notes/cuda.html#environment-variables)')",
Widar,high_quality,visiontransformercsi,failed,,,/home/test/bupt_hjk/test_wider/result/condition_v2+high_quality+visiontransformercsi,"OutOfMemoryError('CUDA out of memory. Tried to allocate 68.68 GiB. GPU 0 has a total capacity of 79.25 GiB of which 7.59 GiB is free. Including non-PyTorch memory, this process has 71.64 GiB memory in use. Of the allocated memory 71.05 GiB is allocated by PyTorch, and 87.41 MiB is reserved by PyTorch but unallocated. If reserved but unallocated memory is large try setting PYTORCH_CUDA_ALLOC_CONF=expandable_segments:True to avoid fragmentation.  See documentation for Memory Management  (https://pytorch.org/docs/stable/notes/cuda.html#environment-variables)')",
Widar,high_quality,mambacsi,skipped,,,/home/test/bupt_hjk/test_wider/result/condition_v2+high_quality+mambacsi,skipped_by_config,
Widar,high_quality,graphneuralcsi,skipped,,,/home/test/bupt_hjk/test_wider/result/condition_v2+high_quality+graphneuralcsi,skipped_by_config,
Widar,high_quality,that,ok,58.84057971014493,0.591919191919192,/home/test/bupt_hjk/test_wider/result/condition_v2+high_quality+that,,59.1919191919192
Widar,high_quality,csitime,ok,63.28502415458937,0.6292929292929293,/home/test/bupt_hjk/test_wider/result/condition_v2+high_quality+csitime,,62.929292929292934
Widar,high_quality,pa_csi,ok,60.38647342995169,0.5868686868686869,/home/test/bupt_hjk/test_wider/result/condition_v2+high_quality+pa_csi,,58.686868686868685
Widar,high_quality,wiflexformer,ok,63.28502415458937,0.6171717171717171,/home/test/bupt_hjk/test_wider/result/condition_v2+high_quality+wiflexformer,,61.717171717171716
Widar,high_quality,attentiongru,ok,62.028985507246375,0.597979797979798,/home/test/bupt_hjk/test_wider/result/condition_v2+high_quality+attentiongru,,59.79797979797979
Widar,high_quality,ei,ok,64.92753623188406,0.6181818181818182,/home/test/bupt_hjk/test_wider/result/condition_v2+high_quality+ei,,61.81818181818181
Widar,high_quality,fewsense,ok,63.091787439613526,0.5787878787878787,/home/test/bupt_hjk/test_wider/result/condition_v2+high_quality+fewsense,,57.878787878787875
Widar,fast,visiontransformercsi,skipped,,,/home/test/bupt_hjk/test_wider/result/condition_v2+fast+visiontransformercsi,skipped_by_config,
Widar,fast,mambacsi,skipped,,,/home/test/bupt_hjk/test_wider/result/condition_v2+fast+mambacsi,skipped_by_config,
Widar,fast,graphneuralcsi,skipped,,,/home/test/bupt_hjk/test_wider/result/condition_v2+fast+graphneuralcsi,skipped_by_config,
Widar,fast,csimodel,ok,63.57487922705314,0.5888888888888889,/home/test/bupt_hjk/test_wider/result/condition_v2+fast+csimodel,,58.88888888888889
Widar,fast,mlpmodel,ok,65.79710144927536,0.6595959595959596,/home/test/bupt_hjk/test_wider/result/condition_v2+fast+mlpmodel,,65.95959595959596
Widar,fast,cnn1dmodel,ok,63.96135265700483,0.6303030303030303,/home/test/bupt_hjk/test_wider/result/condition_v2+fast+cnn1dmodel,,63.030303030303024
Widar,fast,cnn2dmodel,failed,,,/home/test/bupt_hjk/test_wider/result/condition_v2+fast+cnn2dmodel,"OutOfMemoryError('CUDA out of memory. Tried to allocate 23.44 GiB. GPU 0 has a total capacity of 79.25 GiB of which 22.12 GiB is free. Including non-PyTorch memory, this process has 57.11 GiB memory in use. Of the allocated memory 56.57 GiB is allocated by PyTorch, and 33.49 MiB is reserved by PyTorch but unallocated. If reserved but unallocated memory is large try setting PYTORCH_CUDA_ALLOC_CONF=expandable_segments:True to avoid fragmentation.  See documentation for Memory Management  (https://pytorch.org/docs/stable/notes/cuda.html#environment-variables)')",
Widar,fast,lstmmodel,ok,57.19806763285024,0.5696969696969697,/home/test/bupt_hjk/test_wider/result/condition_v2+fast+lstmmodel,,56.96969696969697
Widar,fast,resnet1d,ok,63.86473429951691,0.6,/home/test/bupt_hjk/test_wider/result/condition_v2+fast+resnet1d,,60.0
Widar,fast,resnet2d,ok,61.83574879227053,0.593939393939394,/home/test/bupt_hjk/test_wider/result/condition_v2+fast+resnet2d,,59.3939393939394
Widar,fast,bilstmattention,ok,59.90338164251208,0.5959595959595959,/home/test/bupt_hjk/test_wider/result/condition_v2+fast+bilstmattention,,59.59595959595959
Widar,fast,efficientnetcsi,failed,,,/home/test/bupt_hjk/test_wider/result/condition_v2+fast+efficientnetcsi,"OutOfMemoryError('CUDA out of memory. Tried to allocate 986.00 MiB. GPU 0 has a total capacity of 79.25 GiB of which 731.25 MiB is free. Including non-PyTorch memory, this process has 78.52 GiB memory in use. Of the allocated memory 77.87 GiB is allocated by PyTorch, and 141.90 MiB is reserved by PyTorch but unallocated. If reserved but unallocated memory is large try setting PYTORCH_CUDA_ALLOC_CONF=expandable_segments:True to avoid fragmentation.  See documentation for Memory Management  (https://pytorch.org/docs/stable/notes/cuda.html#environment-variables)')",
Widar,fast,that,ok,57.58454106280193,0.5686868686868687,/home/test/bupt_hjk/test_wider/result/condition_v2+fast+that,,56.868686868686865
Widar,fast,csitime,ok,61.73913043478261,0.601010101010101,/home/test/bupt_hjk/test_wider/result/condition_v2+fast+csitime,,60.1010101010101
Widar,fast,pa_csi,ok,59.90338164251208,0.5797979797979798,/home/test/bupt_hjk/test_wider/result/condition_v2+fast+pa_csi,,57.97979797979798
Widar,fast,wiflexformer,ok,64.05797101449275,0.6070707070707071,/home/test/bupt_hjk/test_wider/result/condition_v2+fast+wiflexformer,,60.70707070707071
Widar,fast,attentiongru,ok,61.64251207729468,0.601010101010101,/home/test/bupt_hjk/test_wider/result/condition_v2+fast+attentiongru,,60.1010101010101
Widar,fast,ei,ok,62.99516908212561,0.6101010101010101,/home/test/bupt_hjk/test_wider/result/condition_v2+fast+ei,,61.01010101010102
Widar,fast,fewsense,ok,59.227053140096615,0.5515151515151515,/home/test/bupt_hjk/test_wider/result/condition_v2+fast+fewsense,,55.15151515151515
Widar,robust,visiontransformercsi,skipped,,,/home/test/bupt_hjk/test_wider/result/condition_v2+robust+visiontransformercsi,skipped_by_config,
Widar,robust,mambacsi,skipped,,,/home/test/bupt_hjk/test_wider/result/condition_v2+robust+mambacsi,skipped_by_config,
Widar,robust,graphneuralcsi,skipped,,,/home/test/bupt_hjk/test_wider/result/condition_v2+robust+graphneuralcsi,skipped_by_config,
Widar,robust,csimodel,ok,60.67632850241546,0.5818181818181818,/home/test/bupt_hjk/test_wider/result/condition_v2+robust+csimodel,,58.18181818181818
Widar,robust,mlpmodel,ok,66.28019323671498,0.6333333333333333,/home/test/bupt_hjk/test_wider/result/condition_v2+robust+mlpmodel,,63.33333333333333
Widar,robust,cnn1dmodel,ok,61.15942028985507,0.5636363636363636,/home/test/bupt_hjk/test_wider/result/condition_v2+robust+cnn1dmodel,,56.36363636363636
Widar,robust,cnn2dmodel,failed,,,/home/test/bupt_hjk/test_wider/result/condition_v2+robust+cnn2dmodel,"OutOfMemoryError('CUDA out of memory. Tried to allocate 23.44 GiB. GPU 0 has a total capacity of 79.25 GiB of which 22.10 GiB is free. Including non-PyTorch memory, this process has 57.13 GiB memory in use. Of the allocated memory 56.58 GiB is allocated by PyTorch, and 48.43 MiB is reserved by PyTorch but unallocated. If reserved but unallocated memory is large try setting PYTORCH_CUDA_ALLOC_CONF=expandable_segments:True to avoid fragmentation.  See documentation for Memory Management  (https://pytorch.org/docs/stable/notes/cuda.html#environment-variables)')",
Widar,robust,lstmmodel,ok,57.29468599033817,0.5808080808080808,/home/test/bupt_hjk/test_wider/result/condition_v2+robust+lstmmodel,,58.080808080808076
Widar,robust,resnet1d,ok,58.84057971014493,0.5656565656565656,/home/test/bupt_hjk/test_wider/result/condition_v2+robust+resnet1d,,56.56565656565656
Widar,robust,resnet2d,ok,60.38647342995169,0.5696969696969697,/home/test/bupt_hjk/test_wider/result/condition_v2+robust+resnet2d,,56.96969696969697
Widar,robust,bilstmattention,ok,58.16425120772947,0.5777777777777777,/home/test/bupt_hjk/test_wider/result/condition_v2+robust+bilstmattention,,57.77777777777777
Widar,robust,efficientnetcsi,failed,,,/home/test/bupt_hjk/test_wider/result/condition_v2+robust+efficientnetcsi,"OutOfMemoryError('CUDA out of memory. Tried to allocate 986.00 MiB. GPU 0 has a total capacity of 79.25 GiB of which 731.25 MiB is free. Including non-PyTorch memory, this process has 78.52 GiB memory in use. Of the allocated memory 77.87 GiB is allocated by PyTorch, and 141.90 MiB is reserved by PyTorch but unallocated. If reserved but unallocated memory is large try setting PYTORCH_CUDA_ALLOC_CONF=expandable_segments:True to avoid fragmentation.  See documentation for Memory Management  (https://pytorch.org/docs/stable/notes/cuda.html#environment-variables)')",
Widar,robust,that,ok,62.1256038647343,0.6272727272727273,/home/test/bupt_hjk/test_wider/result/condition_v2+robust+that,,62.727272727272734
Widar,robust,csitime,ok,60.67632850241546,0.5363636363636364,/home/test/bupt_hjk/test_wider/result/condition_v2+robust+csitime,,53.63636363636364
Widar,robust,pa_csi,ok,58.26086956521739,0.5616161616161616,/home/test/bupt_hjk/test_wider/result/condition_v2+robust+pa_csi,,56.16161616161616
Widar,robust,wiflexformer,ok,60.57971014492754,0.5808080808080808,/home/test/bupt_hjk/test_wider/result/condition_v2+robust+wiflexformer,,58.080808080808076
Widar,robust,attentiongru,ok,60.193236714975846,0.5757575757575758,/home/test/bupt_hjk/test_wider/result/condition_v2+robust+attentiongru,,57.57575757575758
Widar,robust,ei,ok,60.0,0.5585858585858586,/home/test/bupt_hjk/test_wider/result/condition_v2+robust+ei,,55.85858585858586
Widar,robust,fewsense,ok,66.57004830917874,0.6323232323232323,/home/test/bupt_hjk/test_wider/result/condition_v2+robust+fewsense,,63.23232323232323
Widar,gesture_recognition,visiontransformercsi,skipped,,,/home/test/bupt_hjk/test_wider/result/condition_v2+gesture_recognition+visiontransformercsi,skipped_by_config,
Widar,gesture_recognition,mambacsi,skipped,,,/home/test/bupt_hjk/test_wider/result/condition_v2+gesture_recognition+mambacsi,skipped_by_config,
Widar,gesture_recognition,graphneuralcsi,skipped,,,/home/test/bupt_hjk/test_wider/result/condition_v2+gesture_recognition+graphneuralcsi,skipped_by_config,
Widar,gesture_recognition,csimodel,ok,64.15458937198068,0.593939393939394,/home/test/bupt_hjk/test_wider/result/condition_v2+gesture_recognition+csimodel,,59.3939393939394
Widar,gesture_recognition,mlpmodel,ok,70.2415458937198,0.6868686868686869,/home/test/bupt_hjk/test_wider/result/condition_v2+gesture_recognition+mlpmodel,,68.68686868686868
Widar,gesture_recognition,cnn1dmodel,ok,64.73429951690821,0.6383838383838384,/home/test/bupt_hjk/test_wider/result/condition_v2+gesture_recognition+cnn1dmodel,,63.83838383838384
Widar,gesture_recognition,cnn2dmodel,failed,,,/home/test/bupt_hjk/test_wider/result/condition_v2+gesture_recognition+cnn2dmodel,"OutOfMemoryError('CUDA out of memory. Tried to allocate 23.44 GiB. GPU 0 has a total capacity of 79.25 GiB of which 22.10 GiB is free. Including non-PyTorch memory, this process has 57.13 GiB memory in use. Of the allocated memory 56.58 GiB is allocated by PyTorch, and 48.43 MiB is reserved by PyTorch but unallocated. If reserved but unallocated memory is large try setting PYTORCH_CUDA_ALLOC_CONF=expandable_segments:True to avoid fragmentation.  See documentation for Memory Management  (https://pytorch.org/docs/stable/notes/cuda.html#environment-variables)')",
Widar,gesture_recognition,lstmmodel,ok,57.77777777777778,0.5757575757575758,/home/test/bupt_hjk/test_wider/result/condition_v2+gesture_recognition+lstmmodel,,57.57575757575758
Widar,gesture_recognition,resnet1d,ok,63.091787439613526,0.604040404040404,/home/test/bupt_hjk/test_wider/result/condition_v2+gesture_recognition+resnet1d,,60.4040404040404
Widar,gesture_recognition,resnet2d,ok,62.99516908212561,0.5838383838383838,/home/test/bupt_hjk/test_wider/result/condition_v2+gesture_recognition+resnet2d,,58.38383838383838
Widar,gesture_recognition,bilstmattention,ok,61.44927536231884,0.602020202020202,/home/test/bupt_hjk/test_wider/result/condition_v2+gesture_recognition+bilstmattention,,60.2020202020202
Widar,gesture_recognition,efficientnetcsi,failed,,,/home/test/bupt_hjk/test_wider/result/condition_v2+gesture_recognition+efficientnetcsi,"OutOfMemoryError('CUDA out of memory. Tried to allocate 986.00 MiB. GPU 0 has a total capacity of 79.25 GiB of which 753.25 MiB is free. Including non-PyTorch memory, this process has 78.50 GiB memory in use. Of the allocated memory 77.87 GiB is allocated by PyTorch, and 121.90 MiB is reserved by PyTorch but unallocated. If reserved but unallocated memory is large try setting PYTORCH_CUDA_ALLOC_CONF=expandable_segments:True to avoid fragmentation.  See documentation for Memory Management  (https://pytorch.org/docs/stable/notes/cuda.html#environment-variables)')",
Widar,gesture_recognition,that,ok,59.033816425120776,0.5838383838383838,/home/test/bupt_hjk/test_wider/result/condition_v2+gesture_recognition+that,,58.38383838383838
Widar,gesture_recognition,csitime,ok,64.54106280193237,0.6292929292929293,/home/test/bupt_hjk/test_wider/result/condition_v2+gesture_recognition+csitime,,62.929292929292934
Widar,gesture_recognition,pa_csi,ok,59.90338164251208,0.5888888888888889,/home/test/bupt_hjk/test_wider/result/condition_v2+gesture_recognition+pa_csi,,58.88888888888889
Widar,gesture_recognition,wiflexformer,ok,63.28502415458937,0.6262626262626263,/home/test/bupt_hjk/test_wider/result/condition_v2+gesture_recognition+wiflexformer,,62.62626262626263
Widar,gesture_recognition,attentiongru,ok,63.28502415458937,0.6060606060606061,/home/test/bupt_hjk/test_wider/result/condition_v2+gesture_recognition+attentiongru,,60.60606060606061
Widar,gesture_recognition,ei,ok,65.5072463768116,0.6222222222222222,/home/test/bupt_hjk/test_wider/result/condition_v2+gesture_recognition+ei,,62.22222222222222
Widar,gesture_recognition,fewsense,ok,62.51207729468599,0.5858585858585859,/home/test/bupt_hjk/test_wider/result/condition_v2+gesture_recognition+fewsense,,58.58585858585859
Widar,activity_detection,visiontransformercsi,skipped,,,/home/test/bupt_hjk/test_wider/result/condition_v2+activity_detection+visiontransformercsi,skipped_by_config,
Widar,activity_detection,mambacsi,skipped,,,/home/test/bupt_hjk/test_wider/result/condition_v2+activity_detection+mambacsi,skipped_by_config,
Widar,activity_detection,graphneuralcsi,skipped,,,/home/test/bupt_hjk/test_wider/result/condition_v2+activity_detection+graphneuralcsi,skipped_by_config,
Widar,activity_detection,csimodel,ok,62.1256038647343,0.5757575757575758,/home/test/bupt_hjk/test_wider/result/condition_v2+activity_detection+csimodel,,57.57575757575758
Widar,activity_detection,mlpmodel,ok,67.53623188405797,0.6494949494949495,/home/test/bupt_hjk/test_wider/result/condition_v2+activity_detection+mlpmodel,,64.94949494949495
Widar,activity_detection,cnn1dmodel,ok,61.73913043478261,0.6212121212121212,/home/test/bupt_hjk/test_wider/result/condition_v2+activity_detection+cnn1dmodel,,62.121212121212125
Widar,activity_detection,cnn2dmodel,failed,,,/home/test/bupt_hjk/test_wider/result/condition_v2+activity_detection+cnn2dmodel,"OutOfMemoryError('CUDA out of memory. Tried to allocate 23.44 GiB. GPU 0 has a total capacity of 79.25 GiB of which 22.12 GiB is free. Including non-PyTorch memory, this process has 57.11 GiB memory in use. Of the allocated memory 56.58 GiB is allocated by PyTorch, and 28.43 MiB is reserved by PyTorch but unallocated. If reserved but unallocated memory is large try setting PYTORCH_CUDA_ALLOC_CONF=expandable_segments:True to avoid fragmentation.  See documentation for Memory Management  (https://pytorch.org/docs/stable/notes/cuda.html#environment-variables)')",
Widar,activity_detection,lstmmodel,ok,57.48792270531401,0.5707070707070707,/home/test/bupt_hjk/test_wider/result/condition_v2+activity_detection+lstmmodel,,57.07070707070707
Widar,activity_detection,resnet1d,ok,60.96618357487922,0.5767676767676768,/home/test/bupt_hjk/test_wider/result/condition_v2+activity_detection+resnet1d,,57.67676767676768
Widar,activity_detection,resnet2d,ok,61.35265700483092,0.6050505050505051,/home/test/bupt_hjk/test_wider/result/condition_v2+activity_detection+resnet2d,,60.505050505050505
Widar,activity_detection,bilstmattention,ok,57.00483091787439,0.5767676767676768,/home/test/bupt_hjk/test_wider/result/condition_v2+activity_detection+bilstmattention,,57.67676767676768
Widar,activity_detection,efficientnetcsi,failed,,,/home/test/bupt_hjk/test_wider/result/condition_v2+activity_detection+efficientnetcsi,"OutOfMemoryError('CUDA out of memory. Tried to allocate 986.00 MiB. GPU 0 has a total capacity of 79.25 GiB of which 773.25 MiB is free. Including non-PyTorch memory, this process has 78.48 GiB memory in use. Of the allocated memory 77.87 GiB is allocated by PyTorch, and 101.90 MiB is reserved by PyTorch but unallocated. If reserved but unallocated memory is large try setting PYTORCH_CUDA_ALLOC_CONF=expandable_segments:True to avoid fragmentation.  See documentation for Memory Management  (https://pytorch.org/docs/stable/notes/cuda.html#environment-variables)')",
Widar,activity_detection,that,ok,59.32367149758454,0.5555555555555556,/home/test/bupt_hjk/test_wider/result/condition_v2+activity_detection+that,,55.55555555555556
Widar,activity_detection,csitime,ok,62.60869565217392,0.6121212121212121,/home/test/bupt_hjk/test_wider/result/condition_v2+activity_detection+csitime,,61.212121212121204
Widar,activity_detection,pa_csi,ok,59.90338164251208,0.5797979797979798,/home/test/bupt_hjk/test_wider/result/condition_v2+activity_detection+pa_csi,,57.97979797979798
Widar,activity_detection,wiflexformer,ok,63.38164251207729,0.6161616161616161,/home/test/bupt_hjk/test_wider/result/condition_v2+activity_detection+wiflexformer,,61.61616161616161
Widar,activity_detection,attentiongru,ok,63.38164251207729,0.6090909090909091,/home/test/bupt_hjk/test_wider/result/condition_v2+activity_detection+attentiongru,,60.909090909090914
Widar,activity_detection,ei,ok,63.28502415458937,0.603030303030303,/home/test/bupt_hjk/test_wider/result/condition_v2+activity_detection+ei,,60.303030303030305
Widar,activity_detection,fewsense,ok,60.772946859903385,0.6070707070707071,/home/test/bupt_hjk/test_wider/result/condition_v2+activity_detection+fewsense,,60.70707070707071
Widar,localization,visiontransformercsi,skipped,,,/home/test/bupt_hjk/test_wider/result/condition_v2+localization+visiontransformercsi,skipped_by_config,
Widar,localization,mambacsi,skipped,,,/home/test/bupt_hjk/test_wider/result/condition_v2+localization+mambacsi,skipped_by_config,
Widar,localization,graphneuralcsi,skipped,,,/home/test/bupt_hjk/test_wider/result/condition_v2+localization+graphneuralcsi,skipped_by_config,
Widar,localization,csimodel,ok,59.42028985507246,0.5757575757575758,/home/test/bupt_hjk/test_wider/result/condition_v2+localization+csimodel,,57.57575757575758
Widar,localization,mlpmodel,ok,66.08695652173913,0.6282828282828283,/home/test/bupt_hjk/test_wider/result/condition_v2+localization+mlpmodel,,62.82828282828283
Widar,localization,cnn1dmodel,ok,58.64734299516908,0.5545454545454546,/home/test/bupt_hjk/test_wider/result/condition_v2+localization+cnn1dmodel,,55.45454545454545
Widar,localization,cnn2dmodel,failed,,,/home/test/bupt_hjk/test_wider/result/condition_v2+localization+cnn2dmodel,"OutOfMemoryError('CUDA out of memory. Tried to allocate 23.44 GiB. GPU 0 has a total capacity of 79.25 GiB of which 18.00 GiB is free. Including non-PyTorch memory, this process has 61.23 GiB memory in use. Of the allocated memory 60.70 GiB is allocated by PyTorch, and 27.48 MiB is reserved by PyTorch but unallocated. If reserved but unallocated memory is large try setting PYTORCH_CUDA_ALLOC_CONF=expandable_segments:True to avoid fragmentation.  See documentation for Memory Management  (https://pytorch.org/docs/stable/notes/cuda.html#environment-variables)')",
Widar,localization,lstmmodel,ok,57.10144927536232,0.5767676767676768,/home/test/bupt_hjk/test_wider/result/condition_v2+localization+lstmmodel,,57.67676767676768
Widar,localization,resnet1d,ok,57.77777777777778,0.5292929292929293,/home/test/bupt_hjk/test_wider/result/condition_v2+localization+resnet1d,,52.92929292929293
Widar,localization,resnet2d,ok,57.19806763285024,0.5454545454545454,/home/test/bupt_hjk/test_wider/result/condition_v2+localization+resnet2d,,54.54545454545454
Widar,localization,bilstmattention,ok,59.130434782608695,0.5666666666666667,/home/test/bupt_hjk/test_wider/result/condition_v2+localization+bilstmattention,,56.666666666666664
Widar,localization,efficientnetcsi,failed,,,/home/test/bupt_hjk/test_wider/result/condition_v2+localization+efficientnetcsi,"OutOfMemoryError('CUDA out of memory. Tried to allocate 2.75 GiB. GPU 0 has a total capacity of 79.25 GiB of which 651.25 MiB is free. Including non-PyTorch memory, this process has 78.60 GiB memory in use. Of the allocated memory 78.02 GiB is allocated by PyTorch, and 75.84 MiB is reserved by PyTorch but unallocated. If reserved but unallocated memory is large try setting PYTORCH_CUDA_ALLOC_CONF=expandable_segments:True to avoid fragmentation.  See documentation for Memory Management  (https://pytorch.org/docs/stable/notes/cuda.html#environment-variables)')",
Widar,localization,that,ok,60.57971014492754,0.6262626262626263,/home/test/bupt_hjk/test_wider/result/condition_v2+localization+that,,62.62626262626263
Widar,localization,csitime,ok,59.61352657004831,0.5383838383838384,/home/test/bupt_hjk/test_wider/result/condition_v2+localization+csitime,,53.83838383838384
Widar,localization,pa_csi,ok,58.16425120772947,0.5727272727272728,/home/test/bupt_hjk/test_wider/result/condition_v2+localization+pa_csi,,57.27272727272727
Widar,localization,wiflexformer,ok,60.96618357487922,0.5626262626262626,/home/test/bupt_hjk/test_wider/result/condition_v2+localization+wiflexformer,,56.262626262626256
Widar,localization,attentiongru,ok,58.743961352657,0.5646464646464646,/home/test/bupt_hjk/test_wider/result/condition_v2+localization+attentiongru,,56.464646464646464
Widar,localization,ei,ok,59.227053140096615,0.5464646464646464,/home/test/bupt_hjk/test_wider/result/condition_v2+localization+ei,,54.64646464646464
Widar,localization,fewsense,ok,65.1207729468599,0.6424242424242425,/home/test/bupt_hjk/test_wider/result/condition_v2+localization+fewsense,,64.24242424242425
Gait,high_quality,csimodel,ok,80.77913715389569,0.8852931752643384,/home/test/bupt_hjk/test_gait/result/user_id_v2+high_quality+csimodel,,88.52931752643384
Gait,high_quality,mlpmodel,ok,84.3850611719253,0.9173341877603332,/home/test/bupt_hjk/test_gait/result/user_id_v2+high_quality+mlpmodel,,91.73341877603332
Gait,high_quality,cnn1dmodel,ok,81.809401159047,0.9022749118872156,/home/test/bupt_hjk/test_gait/result/user_id_v2+high_quality+cnn1dmodel,,90.22749118872156
Gait,high_quality,cnn2dmodel,failed,,,/home/test/bupt_hjk/test_gait/result/user_id_v2+high_quality+cnn2dmodel,"OutOfMemoryError('CUDA out of memory. Tried to allocate 23.44 GiB. GPU 1 has a total capacity of 79.25 GiB of which 22.13 GiB is free. Including non-PyTorch memory, this process has 57.11 GiB memory in use. Of the allocated memory 56.57 GiB is allocated by PyTorch, and 33.49 MiB is reserved by PyTorch but unallocated. If reserved but unallocated memory is large try setting PYTORCH_CUDA_ALLOC_CONF=expandable_segments:True to avoid fragmentation.  See documentation for Memory Management  (https://pytorch.org/docs/stable/notes/cuda.html#environment-variables)')",
Gait,high_quality,lstmmodel,ok,44.81648422408242,0.6055751361743031,/home/test/bupt_hjk/test_gait/result/user_id_v2+high_quality+lstmmodel,,60.55751361743032
Gait,high_quality,resnet1d,ok,69.5428203477141,0.8202499198974688,/home/test/bupt_hjk/test_gait/result/user_id_v2+high_quality+resnet1d,,82.02499198974688
Gait,high_quality,resnet2d,ok,86.79974243399872,0.9157321371355336,/home/test/bupt_hjk/test_gait/result/user_id_v2+high_quality+resnet2d,,91.57321371355336
Gait,high_quality,bilstmattention,ok,65.51835157759176,0.7789170137776353,/home/test/bupt_hjk/test_gait/result/user_id_v2+high_quality+bilstmattention,,77.89170137776354
Gait,high_quality,efficientnetcsi,failed,,,/home/test/bupt_hjk/test_gait/result/user_id_v2+high_quality+efficientnetcsi,"OutOfMemoryError('CUDA out of memory. Tried to allocate 986.00 MiB. GPU 1 has a total capacity of 79.25 GiB of which 731.25 MiB is free. Including non-PyTorch memory, this process has 78.52 GiB memory in use. Of the allocated memory 77.87 GiB is allocated by PyTorch, and 141.90 MiB is reserved by PyTorch but unallocated. If reserved but unallocated memory is large try setting PYTORCH_CUDA_ALLOC_CONF=expandable_segments:True to avoid fragmentation.  See documentation for Memory Management  (https://pytorch.org/docs/stable/notes/cuda.html#environment-variables)')",
Gait,high_quality,visiontransformercsi,skipped,,,/home/test/bupt_hjk/test_gait/result/user_id_v2+high_quality+visiontransformercsi,skipped_by_config,
Gait,high_quality,mambacsi,skipped,,,/home/test/bupt_hjk/test_gait/result/user_id_v2+high_quality+mambacsi,skipped_by_config,
Gait,high_quality,graphneuralcsi,skipped,,,/home/test/bupt_hjk/test_gait/result/user_id_v2+high_quality+graphneuralcsi,skipped_by_config,
Gait,high_quality,that,ok,49.06632324533162,0.669336751041333,/home/test/bupt_hjk/test_gait/result/user_id_v2+high_quality+that,,66.9336751041333
Gait,high_quality,csitime,ok,70.92723760463619,0.8442806792694649,/home/test/bupt_hjk/test_gait/result/user_id_v2+high_quality+csitime,,84.4280679269465
Gait,high_quality,pa_csi,ok,51.57759175788796,0.6395386094200577,/home/test/bupt_hjk/test_gait/result/user_id_v2+high_quality+pa_csi,,63.95386094200577
Gait,high_quality,wiflexformer,ok,58.46748229233741,0.7334187760333226,/home/test/bupt_hjk/test_gait/result/user_id_v2+high_quality+wiflexformer,,73.34187760333226
Gait,high_quality,attentiongru,ok,45.52479072762395,0.669016340916373,/home/test/bupt_hjk/test_gait/result/user_id_v2+high_quality+attentiongru,,66.90163409163729
Gait,high_quality,ei,ok,67.64327108821635,0.8096763857737904,/home/test/bupt_hjk/test_gait/result/user_id_v2+high_quality+ei,,80.96763857737905
Gait,high_quality,fewsense,ok,82.61429491307148,0.9061198333867352,/home/test/bupt_hjk/test_gait/result/user_id_v2+high_quality+fewsense,,90.61198333867353
Gait,fast,csimodel,ok,80.52157115260786,0.8923421980134573,/home/test/bupt_hjk/test_gait/result/user_id_v2+fast+csimodel,,89.23421980134573
Gait,fast,mlpmodel,ok,83.61236316806182,0.9154117270105736,/home/test/bupt_hjk/test_gait/result/user_id_v2+fast+mlpmodel,,91.54117270105736
Gait,fast,visiontransformercsi,skipped,,,/home/test/bupt_hjk/test_gait/result/user_id_v2+fast+visiontransformercsi,skipped_by_config,
Gait,fast,mambacsi,skipped,,,/home/test/bupt_hjk/test_gait/result/user_id_v2+fast+mambacsi,skipped_by_config,
Gait,fast,graphneuralcsi,skipped,,,/home/test/bupt_hjk/test_gait/result/user_id_v2+fast+graphneuralcsi,skipped_by_config,
Gait,fast,cnn1dmodel,ok,84.06310367031551,0.9038769625120152,/home/test/bupt_hjk/test_gait/result/user_id_v2+fast+cnn1dmodel,,90.38769625120152
Gait,fast,cnn2dmodel,failed,,,/home/test/bupt_hjk/test_gait/result/user_id_v2+fast+cnn2dmodel,"OutOfMemoryError('CUDA out of memory. Tried to allocate 23.44 GiB. GPU 1 has a total capacity of 79.25 GiB of which 22.13 GiB is free. Including non-PyTorch memory, this process has 57.11 GiB memory in use. Of the allocated memory 56.57 GiB is allocated by PyTorch, and 33.49 MiB is reserved by PyTorch but unallocated. If reserved but unallocated memory is large try setting PYTORCH_CUDA_ALLOC_CONF=expandable_segments:True to avoid fragmentation.  See documentation for Memory Management  (https://pytorch.org/docs/stable/notes/cuda.html#environment-variables)')",
Gait,fast,lstmmodel,ok,39.27881519639408,0.5498237744312721,/home/test/bupt_hjk/test_gait/result/user_id_v2+fast+lstmmodel,,54.982377443127206
Gait,fast,resnet1d,ok,66.29104958145525,0.8164049983979493,/home/test/bupt_hjk/test_gait/result/user_id_v2+fast+resnet1d,,81.64049983979493
Gait,fast,resnet2d,ok,87.54024468770122,0.9272669016340916,/home/test/bupt_hjk/test_gait/result/user_id_v2+fast+resnet2d,,92.72669016340916
Gait,fast,bilstmattention,ok,59.88409529942048,0.7856456264017943,/home/test/bupt_hjk/test_gait/result/user_id_v2+fast+bilstmattention,,78.56456264017943
Gait,fast,efficientnetcsi,failed,,,/home/test/bupt_hjk/test_gait/result/user_id_v2+fast+efficientnetcsi,"OutOfMemoryError('CUDA out of memory. Tried to allocate 986.00 MiB. GPU 1 has a total capacity of 79.25 GiB of which 771.25 MiB is free. Including non-PyTorch memory, this process has 78.48 GiB memory in use. Of the allocated memory 77.87 GiB is allocated by PyTorch, and 101.90 MiB is reserved by PyTorch but unallocated. If reserved but unallocated memory is large try setting PYTORCH_CUDA_ALLOC_CONF=expandable_segments:True to avoid fragmentation.  See documentation for Memory Management  (https://pytorch.org/docs/stable/notes/cuda.html#environment-variables)')",
Gait,fast,that,ok,48.22923374114617,0.6645305991669337,/home/test/bupt_hjk/test_gait/result/user_id_v2+fast+that,,66.45305991669336
Gait,fast,csitime,ok,64.29491307147457,0.8157641781480295,/home/test/bupt_hjk/test_gait/result/user_id_v2+fast+csitime,,81.57641781480295
Gait,fast,pa_csi,ok,50.51513200257566,0.6507529637936559,/home/test/bupt_hjk/test_gait/result/user_id_v2+fast+pa_csi,,65.07529637936558
Gait,fast,wiflexformer,ok,52.221506761107534,0.719000320410125,/home/test/bupt_hjk/test_gait/result/user_id_v2+fast+wiflexformer,,71.9000320410125
Gait,fast,attentiongru,ok,50.03219575016098,0.6898429990387697,/home/test/bupt_hjk/test_gait/result/user_id_v2+fast+attentiongru,,68.98429990387697
Gait,fast,ei,ok,61.8158403090792,0.7914130086510733,/home/test/bupt_hjk/test_gait/result/user_id_v2+fast+ei,,79.14130086510734
Gait,fast,fewsense,ok,82.71088216355442,0.8971483498878564,/home/test/bupt_hjk/test_gait/result/user_id_v2+fast+fewsense,,89.71483498878564
Gait,robust,visiontransformercsi,skipped,,,/home/test/bupt_hjk/test_gait/result/user_id_v2+robust+visiontransformercsi,skipped_by_config,
Gait,robust,mambacsi,skipped,,,/home/test/bupt_hjk/test_gait/result/user_id_v2+robust+mambacsi,skipped_by_config,
Gait,robust,graphneuralcsi,skipped,,,/home/test/bupt_hjk/test_gait/result/user_id_v2+robust+graphneuralcsi,skipped_by_config,
Gait,robust,csimodel,ok,66.64520283322601,0.7696251201537968,/home/test/bupt_hjk/test_gait/result/user_id_v2+robust+csimodel,,76.96251201537969
Gait,robust,mlpmodel,ok,79.81326464906633,0.8606215956424224,/home/test/bupt_hjk/test_gait/result/user_id_v2+robust+mlpmodel,,86.06215956424224
Gait,robust,cnn1dmodel,ok,77.8815196394076,0.8577379045177828,/home/test/bupt_hjk/test_gait/result/user_id_v2+robust+cnn1dmodel,,85.77379045177828
Gait,robust,cnn2dmodel,failed,,,/home/test/bupt_hjk/test_gait/result/user_id_v2+robust+cnn2dmodel,"OutOfMemoryError('CUDA out of memory. Tried to allocate 23.44 GiB. GPU 1 has a total capacity of 79.25 GiB of which 22.13 GiB is free. Including non-PyTorch memory, this process has 57.11 GiB memory in use. Of the allocated memory 56.57 GiB is allocated by PyTorch, and 33.49 MiB is reserved by PyTorch but unallocated. If reserved but unallocated memory is large try setting PYTORCH_CUDA_ALLOC_CONF=expandable_segments:True to avoid fragmentation.  See documentation for Memory Management  (https://pytorch.org/docs/stable/notes/cuda.html#environment-variables)')",
Gait,robust,lstmmodel,ok,24.91951062459756,0.4777314963152835,/home/test/bupt_hjk/test_gait/result/user_id_v2+robust+lstmmodel,,47.77314963152835
Gait,robust,resnet1d,ok,70.79845460399227,0.8080743351489907,/home/test/bupt_hjk/test_gait/result/user_id_v2+robust+resnet1d,,80.80743351489907
Gait,robust,resnet2d,ok,79.42691564713458,0.8570970842678629,/home/test/bupt_hjk/test_gait/result/user_id_v2+robust+resnet2d,,85.70970842678629
Gait,robust,bilstmattention,ok,56.406954282034775,0.7154758090355655,/home/test/bupt_hjk/test_gait/result/user_id_v2+robust+bilstmattention,,71.54758090355655
Gait,robust,efficientnetcsi,failed,,,/home/test/bupt_hjk/test_gait/result/user_id_v2+robust+efficientnetcsi,"OutOfMemoryError('CUDA out of memory. Tried to allocate 986.00 MiB. GPU 1 has a total capacity of 79.25 GiB of which 753.25 MiB is free. Including non-PyTorch memory, this process has 78.50 GiB memory in use. Of the allocated memory 77.87 GiB is allocated by PyTorch, and 121.90 MiB is reserved by PyTorch but unallocated. If reserved but unallocated memory is large try setting PYTORCH_CUDA_ALLOC_CONF=expandable_segments:True to avoid fragmentation.  See documentation for Memory Management  (https://pytorch.org/docs/stable/notes/cuda.html#environment-variables)')",
Gait,robust,that,ok,59.81970379909852,0.7340595962832426,/home/test/bupt_hjk/test_gait/result/user_id_v2+robust+that,,73.40595962832425
Gait,robust,csitime,ok,74.72633612363168,0.8458827298942646,/home/test/bupt_hjk/test_gait/result/user_id_v2+robust+csitime,,84.58827298942646
Gait,robust,pa_csi,ok,60.20605280103026,0.7077859660365268,/home/test/bupt_hjk/test_gait/result/user_id_v2+robust+pa_csi,,70.77859660365267
Gait,robust,wiflexformer,ok,65.16419832582099,0.7305350849086831,/home/test/bupt_hjk/test_gait/result/user_id_v2+robust+wiflexformer,,73.05350849086831
Gait,robust,attentiongru,ok,42.11204121056021,0.6119833386735021,/home/test/bupt_hjk/test_gait/result/user_id_v2+robust+attentiongru,,61.19833386735021
Gait,robust,ei,ok,69.02768834513844,0.787247677026594,/home/test/bupt_hjk/test_gait/result/user_id_v2+robust+ei,,78.7247677026594
Gait,robust,fewsense,ok,76.14294913071474,0.8183274591477091,/home/test/bupt_hjk/test_gait/result/user_id_v2+robust+fewsense,,81.83274591477091
Gait,gesture_recognition,visiontransformercsi,skipped,,,/home/test/bupt_hjk/test_gait/result/user_id_v2+gesture_recognition+visiontransformercsi,skipped_by_config,
Gait,gesture_recognition,mambacsi,skipped,,,/home/test/bupt_hjk/test_gait/result/user_id_v2+gesture_recognition+mambacsi,skipped_by_config,
Gait,gesture_recognition,graphneuralcsi,skipped,,,/home/test/bupt_hjk/test_gait/result/user_id_v2+gesture_recognition+graphneuralcsi,skipped_by_config,
Gait,gesture_recognition,csimodel,ok,81.10109465550548,0.8945850688881769,/home/test/bupt_hjk/test_gait/result/user_id_v2+gesture_recognition+csimodel,,89.4585068888177
Gait,gesture_recognition,mlpmodel,ok,79.71667739858339,0.9041973726369752,/home/test/bupt_hjk/test_gait/result/user_id_v2+gesture_recognition+mlpmodel,,90.41973726369751
Gait,gesture_recognition,cnn1dmodel,ok,81.55183515775917,0.881448253764819,/home/test/bupt_hjk/test_gait/result/user_id_v2+gesture_recognition+cnn1dmodel,,88.14482537648189
Gait,gesture_recognition,cnn2dmodel,failed,,,/home/test/bupt_hjk/test_gait/result/user_id_v2+gesture_recognition+cnn2dmodel,"OutOfMemoryError('CUDA out of memory. Tried to allocate 23.44 GiB. GPU 1 has a total capacity of 79.25 GiB of which 22.12 GiB is free. Including non-PyTorch memory, this process has 57.11 GiB memory in use. Of the allocated memory 56.58 GiB is allocated by PyTorch, and 28.43 MiB is reserved by PyTorch but unallocated. If reserved but unallocated memory is large try setting PYTORCH_CUDA_ALLOC_CONF=expandable_segments:True to avoid fragmentation.  See documentation for Memory Management  (https://pytorch.org/docs/stable/notes/cuda.html#environment-variables)')",
Gait,gesture_recognition,lstmmodel,ok,42.53058596265293,0.594040371675745,/home/test/bupt_hjk/test_gait/result/user_id_v2+gesture_recognition+lstmmodel,,59.4040371675745
Gait,gesture_recognition,resnet1d,ok,67.51448808757245,0.8048702338993913,/home/test/bupt_hjk/test_gait/result/user_id_v2+gesture_recognition+resnet1d,,80.48702338993913
Gait,gesture_recognition,resnet2d,ok,86.99291693496458,0.9272669016340916,/home/test/bupt_hjk/test_gait/result/user_id_v2+gesture_recognition+resnet2d,,92.72669016340916
Gait,gesture_recognition,bilstmattention,ok,60.3026400515132,0.7548862544056392,/home/test/bupt_hjk/test_gait/result/user_id_v2+gesture_recognition+bilstmattention,,75.48862544056392
Gait,gesture_recognition,efficientnetcsi,failed,,,/home/test/bupt_hjk/test_gait/result/user_id_v2+gesture_recognition+efficientnetcsi,"OutOfMemoryError('CUDA out of memory. Tried to allocate 986.00 MiB. GPU 1 has a total capacity of 79.25 GiB of which 771.25 MiB is free. Including non-PyTorch memory, this process has 78.48 GiB memory in use. Of the allocated memory 77.87 GiB is allocated by PyTorch, and 101.90 MiB is reserved by PyTorch but unallocated. If reserved but unallocated memory is large try setting PYTORCH_CUDA_ALLOC_CONF=expandable_segments:True to avoid fragmentation.  See documentation for Memory Management  (https://pytorch.org/docs/stable/notes/cuda.html#environment-variables)')",
Gait,gesture_recognition,that,ok,51.513200257566,0.6763857737904517,/home/test/bupt_hjk/test_gait/result/user_id_v2+gesture_recognition+that,,67.63857737904517
Gait,gesture_recognition,csitime,ok,61.04314230521571,0.8019865427747517,/home/test/bupt_hjk/test_gait/result/user_id_v2+gesture_recognition+csitime,,80.19865427747517
Gait,gesture_recognition,pa_csi,ok,52.7366387636832,0.6507529637936559,/home/test/bupt_hjk/test_gait/result/user_id_v2+gesture_recognition+pa_csi,,65.07529637936558
Gait,gesture_recognition,wiflexformer,ok,58.85383129426916,0.7209227811598846,/home/test/bupt_hjk/test_gait/result/user_id_v2+gesture_recognition+wiflexformer,,72.09227811598846
Gait,gesture_recognition,attentiongru,ok,44.71989697359948,0.6215956424223006,/home/test/bupt_hjk/test_gait/result/user_id_v2+gesture_recognition+attentiongru,,62.15956424223006
Gait,gesture_recognition,ei,ok,62.07340631036704,0.7853252162768344,/home/test/bupt_hjk/test_gait/result/user_id_v2+gesture_recognition+ei,,78.53252162768344
Gait,gesture_recognition,fewsense,ok,80.0064391500322,0.8942646587632169,/home/test/bupt_hjk/test_gait/result/user_id_v2+gesture_recognition+fewsense,,89.42646587632169
Gait,activity_detection,visiontransformercsi,skipped,,,/home/test/bupt_hjk/test_gait/result/user_id_v2+activity_detection+visiontransformercsi,skipped_by_config,
Gait,activity_detection,mambacsi,skipped,,,/home/test/bupt_hjk/test_gait/result/user_id_v2+activity_detection+mambacsi,skipped_by_config,
Gait,activity_detection,graphneuralcsi,skipped,,,/home/test/bupt_hjk/test_gait/result/user_id_v2+activity_detection+graphneuralcsi,skipped_by_config,
Gait,activity_detection,csimodel,ok,80.48937540244688,0.8763216917654598,/home/test/bupt_hjk/test_gait/result/user_id_v2+activity_detection+csimodel,,87.63216917654599
Gait,activity_detection,mlpmodel,ok,81.16548615582744,0.9074014738865748,/home/test/bupt_hjk/test_gait/result/user_id_v2+activity_detection+mlpmodel,,90.74014738865748
Gait,activity_detection,cnn1dmodel,ok,81.61622665808113,0.8926626081384171,/home/test/bupt_hjk/test_gait/result/user_id_v2+activity_detection+cnn1dmodel,,89.26626081384171
Gait,activity_detection,cnn2dmodel,failed,,,/home/test/bupt_hjk/test_gait/result/user_id_v2+activity_detection+cnn2dmodel,"OutOfMemoryError('CUDA out of memory. Tried to allocate 23.44 GiB. GPU 1 has a total capacity of 79.25 GiB of which 22.13 GiB is free. Including non-PyTorch memory, this process has 57.11 GiB memory in use. Of the allocated memory 56.57 GiB is allocated by PyTorch, and 33.49 MiB is reserved by PyTorch but unallocated. If reserved but unallocated memory is large try setting PYTORCH_CUDA_ALLOC_CONF=expandable_segments:True to avoid fragmentation.  See documentation for Memory Management  (https://pytorch.org/docs/stable/notes/cuda.html#environment-variables)')",
Gait,activity_detection,lstmmodel,ok,35.511912427559565,0.4155719320730535,/home/test/bupt_hjk/test_gait/result/user_id_v2+activity_detection+lstmmodel,,41.557193207305346
Gait,activity_detection,resnet1d,ok,60.72118480360592,0.7785966036526755,/home/test/bupt_hjk/test_gait/result/user_id_v2+activity_detection+resnet1d,,77.85966036526754
Gait,activity_detection,resnet2d,ok,86.18802318094012,0.9288689522588914,/home/test/bupt_hjk/test_gait/result/user_id_v2+activity_detection+resnet2d,,92.88689522588915
Gait,activity_detection,bilstmattention,ok,60.33483580167418,0.756167894905479,/home/test/bupt_hjk/test_gait/result/user_id_v2+activity_detection+bilstmattention,,75.6167894905479
Gait,activity_detection,efficientnetcsi,failed,,,/home/test/bupt_hjk/test_gait/result/user_id_v2+activity_detection+efficientnetcsi,"OutOfMemoryError('CUDA out of memory. Tried to allocate 986.00 MiB. GPU 1 has a total capacity of 79.25 GiB of which 773.25 MiB is free. Including non-PyTorch memory, this process has 78.48 GiB memory in use. Of the allocated memory 77.87 GiB is allocated by PyTorch, and 101.90 MiB is reserved by PyTorch but unallocated. If reserved but unallocated memory is large try setting PYTORCH_CUDA_ALLOC_CONF=expandable_segments:True to avoid fragmentation.  See documentation for Memory Management  (https://pytorch.org/docs/stable/notes/cuda.html#environment-variables)')",
Gait,activity_detection,that,ok,48.80875724404379,0.6712592117910926,/home/test/bupt_hjk/test_gait/result/user_id_v2+activity_detection+that,,67.12592117910926
Gait,activity_detection,csitime,ok,59.30457179652286,0.787247677026594,/home/test/bupt_hjk/test_gait/result/user_id_v2+activity_detection+csitime,,78.7247677026594
Gait,activity_detection,pa_csi,ok,48.74436574372183,0.6270426145466197,/home/test/bupt_hjk/test_gait/result/user_id_v2+activity_detection+pa_csi,,62.70426145466197
Gait,activity_detection,wiflexformer,ok,54.41081777205409,0.731175905158603,/home/test/bupt_hjk/test_gait/result/user_id_v2+activity_detection+wiflexformer,,73.1175905158603
Gait,activity_detection,attentiongru,ok,29.94204764971024,0.4867029798141621,/home/test/bupt_hjk/test_gait/result/user_id_v2+activity_detection+attentiongru,,48.67029798141621
Gait,activity_detection,ei,ok,61.04314230521571,0.7859660365267542,/home/test/bupt_hjk/test_gait/result/user_id_v2+activity_detection+ei,,78.59660365267543
Gait,activity_detection,fewsense,ok,80.84352865421765,0.899391220762576,/home/test/bupt_hjk/test_gait/result/user_id_v2+activity_detection+fewsense,,89.9391220762576
Gait,localization,visiontransformercsi,skipped,,,/home/test/bupt_hjk/test_gait/result/user_id_v2+localization+visiontransformercsi,skipped_by_config,
Gait,localization,mambacsi,skipped,,,/home/test/bupt_hjk/test_gait/result/user_id_v2+localization+mambacsi,skipped_by_config,
Gait,localization,graphneuralcsi,skipped,,,/home/test/bupt_hjk/test_gait/result/user_id_v2+localization+graphneuralcsi,skipped_by_config,
Gait,localization,csimodel,ok,61.49388280746941,0.7151553989106055,/home/test/bupt_hjk/test_gait/result/user_id_v2+localization+csimodel,,71.51553989106056
Gait,localization,mlpmodel,ok,64.32710882163555,0.7866068567766742,/home/test/bupt_hjk/test_gait/result/user_id_v2+localization+mlpmodel,,78.66068567766742
Gait,localization,cnn1dmodel,ok,64.68126207340632,0.7712271707785966,/home/test/bupt_hjk/test_gait/result/user_id_v2+localization+cnn1dmodel,,77.12271707785966
Gait,localization,cnn2dmodel,failed,,,/home/test/bupt_hjk/test_gait/result/user_id_v2+localization+cnn2dmodel,"OutOfMemoryError('CUDA out of memory. Tried to allocate 23.44 GiB. GPU 1 has a total capacity of 79.25 GiB of which 18.00 GiB is free. Including non-PyTorch memory, this process has 61.23 GiB memory in use. Of the allocated memory 60.70 GiB is allocated by PyTorch, and 27.48 MiB is reserved by PyTorch but unallocated. If reserved but unallocated memory is large try setting PYTORCH_CUDA_ALLOC_CONF=expandable_segments:True to avoid fragmentation.  See documentation for Memory Management  (https://pytorch.org/docs/stable/notes/cuda.html#environment-variables)')",
Gait,localization,lstmmodel,ok,27.269800386349,0.4604293495674463,/home/test/bupt_hjk/test_gait/result/user_id_v2+localization+lstmmodel,,46.04293495674463
Gait,localization,resnet1d,ok,68.9311010946555,0.7888497276513938,/home/test/bupt_hjk/test_gait/result/user_id_v2+localization+resnet1d,,78.88497276513938
Gait,localization,resnet2d,ok,70.57308435286542,0.8096763857737904,/home/test/bupt_hjk/test_gait/result/user_id_v2+localization+resnet2d,,80.96763857737905
Gait,localization,bilstmattention,ok,57.115260785576304,0.6731816725408523,/home/test/bupt_hjk/test_gait/result/user_id_v2+localization+bilstmattention,,67.31816725408522
Gait,localization,efficientnetcsi,failed,,,/home/test/bupt_hjk/test_gait/result/user_id_v2+localization+efficientnetcsi,"OutOfMemoryError('CUDA out of memory. Tried to allocate 2.75 GiB. GPU 1 has a total capacity of 79.25 GiB of which 651.25 MiB is free. Including non-PyTorch memory, this process has 78.60 GiB memory in use. Of the allocated memory 78.02 GiB is allocated by PyTorch, and 75.84 MiB is reserved by PyTorch but unallocated. If reserved but unallocated memory is large try setting PYTORCH_CUDA_ALLOC_CONF=expandable_segments:True to avoid fragmentation.  See documentation for Memory Management  (https://pytorch.org/docs/stable/notes/cuda.html#environment-variables)')",
Gait,localization,that,ok,59.59433354797167,0.7202819609099648,/home/test/bupt_hjk/test_gait/result/user_id_v2+localization+that,,72.02819609099647
Gait,localization,csitime,ok,69.51062459755312,0.8176866388977891,/home/test/bupt_hjk/test_gait/result/user_id_v2+localization+csitime,,81.76866388977892
Gait,localization,pa_csi,ok,57.01867353509337,0.6914450496635693,/home/test/bupt_hjk/test_gait/result/user_id_v2+localization+pa_csi,,69.14450496635693
Gait,localization,wiflexformer,ok,60.59240180296201,0.7010573534123679,/home/test/bupt_hjk/test_gait/result/user_id_v2+localization+wiflexformer,,70.10573534123678
Gait,localization,attentiongru,ok,42.56278171281391,0.6344120474206985,/home/test/bupt_hjk/test_gait/result/user_id_v2+localization+attentiongru,,63.44120474206984
Gait,localization,ei,ok,67.61107533805537,0.7882089074014739,/home/test/bupt_hjk/test_gait/result/user_id_v2+localization+ei,,78.82089074014739
Gait,localization,fewsense,ok,56.98647778493239,0.7295738545338033,/home/test/bupt_hjk/test_gait/result/user_id_v2+localization+fewsense,,72.95738545338033
XRF55,high_quality,cnn2dmodel,skipped,,,/home/test/bupt_hjk/test_xrf55/result/train_norm_nosplit_repetition+high_quality+cnn2dmodel,skipped_by_config,
XRF55,high_quality,efficientnetcsi,skipped,,,/home/test/bupt_hjk/test_xrf55/result/train_norm_nosplit_repetition+high_quality+efficientnetcsi,skipped_by_config,
XRF55,high_quality,visiontransformercsi,skipped,,,/home/test/bupt_hjk/test_xrf55/result/train_norm_nosplit_repetition+high_quality+visiontransformercsi,skipped_by_config,
XRF55,high_quality,mambacsi,skipped,,,/home/test/bupt_hjk/test_xrf55/result/train_norm_nosplit_repetition+high_quality+mambacsi,skipped_by_config,
XRF55,high_quality,graphneuralcsi,skipped,,,/home/test/bupt_hjk/test_xrf55/result/train_norm_nosplit_repetition+high_quality+graphneuralcsi,skipped_by_config,
XRF55,high_quality,csimodel,ok,87.87878787878788,0.8045454545454546,/home/test/bupt_hjk/test_xrf55/result/train_norm_nosplit_repetition+high_quality+csimodel,,80.45454545454545
XRF55,high_quality,mlpmodel,ok,89.0909090909091,0.8212121212121212,/home/test/bupt_hjk/test_xrf55/result/train_norm_nosplit_repetition+high_quality+mlpmodel,,82.12121212121211
XRF55,high_quality,cnn1dmodel,ok,89.24242424242425,0.8121212121212121,/home/test/bupt_hjk/test_xrf55/result/train_norm_nosplit_repetition+high_quality+cnn1dmodel,,81.21212121212122
XRF55,high_quality,lstmmodel,ok,24.09090909090909,0.1772727272727272,/home/test/bupt_hjk/test_xrf55/result/train_norm_nosplit_repetition+high_quality+lstmmodel,,17.72727272727272
XRF55,high_quality,resnet1d,ok,90.45454545454544,0.8257575757575758,/home/test/bupt_hjk/test_xrf55/result/train_norm_nosplit_repetition+high_quality+resnet1d,,82.57575757575758
XRF55,high_quality,resnet2d,ok,86.36363636363636,0.7924242424242425,/home/test/bupt_hjk/test_xrf55/result/train_norm_nosplit_repetition+high_quality+resnet2d,,79.24242424242425
XRF55,high_quality,bilstmattention,ok,87.57575757575758,0.8106060606060606,/home/test/bupt_hjk/test_xrf55/result/train_norm_nosplit_repetition+high_quality+bilstmattention,,81.06060606060606
XRF55,high_quality,that,ok,82.57575757575758,0.7757575757575758,/home/test/bupt_hjk/test_xrf55/result/train_norm_nosplit_repetition+high_quality+that,,77.57575757575758
XRF55,high_quality,csitime,ok,88.78787878787878,0.8151515151515152,/home/test/bupt_hjk/test_xrf55/result/train_norm_nosplit_repetition+high_quality+csitime,,81.51515151515152
XRF55,high_quality,pa_csi,ok,83.93939393939394,0.7909090909090909,/home/test/bupt_hjk/test_xrf55/result/train_norm_nosplit_repetition+high_quality+pa_csi,,79.0909090909091
XRF55,high_quality,wiflexformer,ok,86.21212121212122,0.8136363636363636,/home/test/bupt_hjk/test_xrf55/result/train_norm_nosplit_repetition+high_quality+wiflexformer,,81.36363636363636
XRF55,high_quality,attentiongru,ok,59.84848484848485,0.5545454545454546,/home/test/bupt_hjk/test_xrf55/result/train_norm_nosplit_repetition+high_quality+attentiongru,,55.45454545454545
XRF55,high_quality,ei,ok,86.21212121212122,0.793939393939394,/home/test/bupt_hjk/test_xrf55/result/train_norm_nosplit_repetition+high_quality+ei,,79.39393939393939
XRF55,high_quality,fewsense,ok,82.57575757575758,0.7787878787878788,/home/test/bupt_hjk/test_xrf55/result/train_norm_nosplit_repetition+high_quality+fewsense,,77.87878787878788
XRF55,fast,cnn2dmodel,skipped,,,/home/test/bupt_hjk/test_xrf55/result/train_norm_nosplit_repetition+fast+cnn2dmodel,skipped_by_config,
XRF55,fast,efficientnetcsi,skipped,,,/home/test/bupt_hjk/test_xrf55/result/train_norm_nosplit_repetition+fast+efficientnetcsi,skipped_by_config,
XRF55,fast,visiontransformercsi,skipped,,,/home/test/bupt_hjk/test_xrf55/result/train_norm_nosplit_repetition+fast+visiontransformercsi,skipped_by_config,
XRF55,fast,mambacsi,skipped,,,/home/test/bupt_hjk/test_xrf55/result/train_norm_nosplit_repetition+fast+mambacsi,skipped_by_config,
XRF55,fast,graphneuralcsi,skipped,,,/home/test/bupt_hjk/test_xrf55/result/train_norm_nosplit_repetition+fast+graphneuralcsi,skipped_by_config,
XRF55,fast,csimodel,ok,85.15151515151516,0.803030303030303,/home/test/bupt_hjk/test_xrf55/result/train_norm_nosplit_repetition+fast+csimodel,,80.3030303030303
XRF55,fast,mlpmodel,ok,90.0,0.8409090909090909,/home/test/bupt_hjk/test_xrf55/result/train_norm_nosplit_repetition+fast+mlpmodel,,84.0909090909091
XRF55,fast,cnn1dmodel,ok,90.6060606060606,0.8469696969696969,/home/test/bupt_hjk/test_xrf55/result/train_norm_nosplit_repetition+fast+cnn1dmodel,,84.69696969696969
XRF55,fast,lstmmodel,ok,17.424242424242426,0.1469696969696969,/home/test/bupt_hjk/test_xrf55/result/train_norm_nosplit_repetition+fast+lstmmodel,,14.696969696969688
XRF55,fast,resnet1d,ok,88.63636363636364,0.8181818181818182,/home/test/bupt_hjk/test_xrf55/result/train_norm_nosplit_repetition+fast+resnet1d,,81.81818181818183
XRF55,fast,resnet2d,ok,87.57575757575758,0.8075757575757576,/home/test/bupt_hjk/test_xrf55/result/train_norm_nosplit_repetition+fast+resnet2d,,80.75757575757576
XRF55,fast,bilstmattention,ok,73.63636363636364,0.6909090909090909,/home/test/bupt_hjk/test_xrf55/result/train_norm_nosplit_repetition+fast+bilstmattention,,69.0909090909091
XRF55,fast,that,ok,87.27272727272727,0.8090909090909091,/home/test/bupt_hjk/test_xrf55/result/train_norm_nosplit_repetition+fast+that,,80.9090909090909
XRF55,fast,csitime,ok,89.0909090909091,0.8333333333333334,/home/test/bupt_hjk/test_xrf55/result/train_norm_nosplit_repetition+fast+csitime,,83.33333333333334
XRF55,fast,pa_csi,ok,84.84848484848484,0.7833333333333333,/home/test/bupt_hjk/test_xrf55/result/train_norm_nosplit_repetition+fast+pa_csi,,78.33333333333333
XRF55,fast,wiflexformer,ok,85.15151515151516,0.8106060606060606,/home/test/bupt_hjk/test_xrf55/result/train_norm_nosplit_repetition+fast+wiflexformer,,81.06060606060606
XRF55,fast,attentiongru,ok,22.424242424242426,0.2136363636363636,/home/test/bupt_hjk/test_xrf55/result/train_norm_nosplit_repetition+fast+attentiongru,,21.36363636363636
XRF55,fast,ei,ok,85.0,0.7954545454545454,/home/test/bupt_hjk/test_xrf55/result/train_norm_nosplit_repetition+fast+ei,,79.54545454545455
XRF55,fast,fewsense,ok,82.87878787878788,0.7757575757575758,/home/test/bupt_hjk/test_xrf55/result/train_norm_nosplit_repetition+fast+fewsense,,77.57575757575758
XRF55,robust,cnn2dmodel,skipped,,,/home/test/bupt_hjk/test_xrf55/result/train_norm_nosplit_repetition+robust+cnn2dmodel,skipped_by_config,
XRF55,robust,efficientnetcsi,skipped,,,/home/test/bupt_hjk/test_xrf55/result/train_norm_nosplit_repetition+robust+efficientnetcsi,skipped_by_config,
XRF55,robust,visiontransformercsi,skipped,,,/home/test/bupt_hjk/test_xrf55/result/train_norm_nosplit_repetition+robust+visiontransformercsi,skipped_by_config,
XRF55,robust,mambacsi,skipped,,,/home/test/bupt_hjk/test_xrf55/result/train_norm_nosplit_repetition+robust+mambacsi,skipped_by_config,
XRF55,robust,graphneuralcsi,skipped,,,/home/test/bupt_hjk/test_xrf55/result/train_norm_nosplit_repetition+robust+graphneuralcsi,skipped_by_config,
XRF55,robust,csimodel,ok,87.72727272727273,0.8015151515151515,/home/test/bupt_hjk/test_xrf55/result/train_norm_nosplit_repetition+robust+csimodel,,80.15151515151516
XRF55,robust,mlpmodel,ok,90.3030303030303,0.8454545454545455,/home/test/bupt_hjk/test_xrf55/result/train_norm_nosplit_repetition+robust+mlpmodel,,84.54545454545455
XRF55,robust,cnn1dmodel,ok,88.03030303030303,0.7984848484848485,/home/test/bupt_hjk/test_xrf55/result/train_norm_nosplit_repetition+robust+cnn1dmodel,,79.84848484848484
XRF55,robust,lstmmodel,ok,25.151515151515152,0.2196969696969697,/home/test/bupt_hjk/test_xrf55/result/train_norm_nosplit_repetition+robust+lstmmodel,,21.96969696969697
XRF55,robust,resnet1d,ok,90.0,0.8378787878787879,/home/test/bupt_hjk/test_xrf55/result/train_norm_nosplit_repetition+robust+resnet1d,,83.78787878787878
XRF55,robust,resnet2d,ok,85.75757575757575,0.793939393939394,/home/test/bupt_hjk/test_xrf55/result/train_norm_nosplit_repetition+robust+resnet2d,,79.39393939393939
XRF55,robust,bilstmattention,ok,86.96969696969697,0.7893939393939394,/home/test/bupt_hjk/test_xrf55/result/train_norm_nosplit_repetition+robust+bilstmattention,,78.93939393939394
XRF55,robust,that,ok,82.27272727272727,0.7712121212121212,/home/test/bupt_hjk/test_xrf55/result/train_norm_nosplit_repetition+robust+that,,77.12121212121212
XRF55,robust,csitime,ok,88.48484848484848,0.8181818181818182,/home/test/bupt_hjk/test_xrf55/result/train_norm_nosplit_repetition+robust+csitime,,81.81818181818183
XRF55,robust,pa_csi,ok,84.54545454545455,0.7833333333333333,/home/test/bupt_hjk/test_xrf55/result/train_norm_nosplit_repetition+robust+pa_csi,,78.33333333333333
XRF55,robust,wiflexformer,ok,85.9090909090909,0.8121212121212121,/home/test/bupt_hjk/test_xrf55/result/train_norm_nosplit_repetition+robust+wiflexformer,,81.21212121212122
XRF55,robust,attentiongru,ok,59.54545454545455,0.5636363636363636,/home/test/bupt_hjk/test_xrf55/result/train_norm_nosplit_repetition+robust+attentiongru,,56.36363636363636
XRF55,robust,ei,ok,87.72727272727273,0.8136363636363636,/home/test/bupt_hjk/test_xrf55/result/train_norm_nosplit_repetition+robust+ei,,81.36363636363636
XRF55,robust,fewsense,ok,83.03030303030303,0.7742424242424243,/home/test/bupt_hjk/test_xrf55/result/train_norm_nosplit_repetition+robust+fewsense,,77.42424242424242
XRF55,gesture_recognition,cnn2dmodel,skipped,,,/home/test/bupt_hjk/test_xrf55/result/train_norm_nosplit_repetition+gesture_recognition+cnn2dmodel,skipped_by_config,
XRF55,gesture_recognition,efficientnetcsi,skipped,,,/home/test/bupt_hjk/test_xrf55/result/train_norm_nosplit_repetition+gesture_recognition+efficientnetcsi,skipped_by_config,
XRF55,gesture_recognition,visiontransformercsi,skipped,,,/home/test/bupt_hjk/test_xrf55/result/train_norm_nosplit_repetition+gesture_recognition+visiontransformercsi,skipped_by_config,
XRF55,gesture_recognition,mambacsi,skipped,,,/home/test/bupt_hjk/test_xrf55/result/train_norm_nosplit_repetition+gesture_recognition+mambacsi,skipped_by_config,
XRF55,gesture_recognition,graphneuralcsi,skipped,,,/home/test/bupt_hjk/test_xrf55/result/train_norm_nosplit_repetition+gesture_recognition+graphneuralcsi,skipped_by_config,
XRF55,gesture_recognition,csimodel,ok,87.72727272727273,0.7984848484848485,/home/test/bupt_hjk/test_xrf55/result/train_norm_nosplit_repetition+gesture_recognition+csimodel,,79.84848484848484
XRF55,gesture_recognition,mlpmodel,ok,89.84848484848484,0.8303030303030303,/home/test/bupt_hjk/test_xrf55/result/train_norm_nosplit_repetition+gesture_recognition+mlpmodel,,83.03030303030303
XRF55,gesture_recognition,cnn1dmodel,ok,88.63636363636364,0.8242424242424242,/home/test/bupt_hjk/test_xrf55/result/train_norm_nosplit_repetition+gesture_recognition+cnn1dmodel,,82.42424242424242
XRF55,gesture_recognition,lstmmodel,ok,22.727272727272727,0.2121212121212121,/home/test/bupt_hjk/test_xrf55/result/train_norm_nosplit_repetition+gesture_recognition+lstmmodel,,21.21212121212121
XRF55,gesture_recognition,resnet1d,ok,90.9090909090909,0.8363636363636363,/home/test/bupt_hjk/test_xrf55/result/train_norm_nosplit_repetition+gesture_recognition+resnet1d,,83.63636363636363
XRF55,gesture_recognition,resnet2d,ok,86.21212121212122,0.7954545454545454,/home/test/bupt_hjk/test_xrf55/result/train_norm_nosplit_repetition+gesture_recognition+resnet2d,,79.54545454545455
XRF55,gesture_recognition,bilstmattention,ok,87.72727272727273,0.793939393939394,/home/test/bupt_hjk/test_xrf55/result/train_norm_nosplit_repetition+gesture_recognition+bilstmattention,,79.39393939393939
XRF55,gesture_recognition,that,ok,80.75757575757575,0.7818181818181819,/home/test/bupt_hjk/test_xrf55/result/train_norm_nosplit_repetition+gesture_recognition+that,,78.18181818181819
XRF55,gesture_recognition,csitime,ok,88.63636363636364,0.8196969696969697,/home/test/bupt_hjk/test_xrf55/result/train_norm_nosplit_repetition+gesture_recognition+csitime,,81.96969696969697
XRF55,gesture_recognition,pa_csi,ok,82.72727272727273,0.7712121212121212,/home/test/bupt_hjk/test_xrf55/result/train_norm_nosplit_repetition+gesture_recognition+pa_csi,,77.12121212121212
XRF55,gesture_recognition,wiflexformer,ok,86.36363636363636,0.8212121212121212,/home/test/bupt_hjk/test_xrf55/result/train_norm_nosplit_repetition+gesture_recognition+wiflexformer,,82.12121212121211
XRF55,gesture_recognition,attentiongru,ok,59.24242424242424,0.5742424242424242,/home/test/bupt_hjk/test_xrf55/result/train_norm_nosplit_repetition+gesture_recognition+attentiongru,,57.42424242424242
XRF55,gesture_recognition,ei,ok,89.39393939393939,0.8242424242424242,/home/test/bupt_hjk/test_xrf55/result/train_norm_nosplit_repetition+gesture_recognition+ei,,82.42424242424242
XRF55,gesture_recognition,fewsense,ok,83.48484848484848,0.8,/home/test/bupt_hjk/test_xrf55/result/train_norm_nosplit_repetition+gesture_recognition+fewsense,,80.0
XRF55,activity_detection,cnn2dmodel,skipped,,,/home/test/bupt_hjk/test_xrf55/result/train_norm_nosplit_repetition+activity_detection+cnn2dmodel,skipped_by_config,
XRF55,activity_detection,efficientnetcsi,skipped,,,/home/test/bupt_hjk/test_xrf55/result/train_norm_nosplit_repetition+activity_detection+efficientnetcsi,skipped_by_config,
XRF55,activity_detection,visiontransformercsi,skipped,,,/home/test/bupt_hjk/test_xrf55/result/train_norm_nosplit_repetition+activity_detection+visiontransformercsi,skipped_by_config,
XRF55,activity_detection,mambacsi,skipped,,,/home/test/bupt_hjk/test_xrf55/result/train_norm_nosplit_repetition+activity_detection+mambacsi,skipped_by_config,
XRF55,activity_detection,graphneuralcsi,skipped,,,/home/test/bupt_hjk/test_xrf55/result/train_norm_nosplit_repetition+activity_detection+graphneuralcsi,skipped_by_config,
XRF55,activity_detection,csimodel,ok,87.87878787878788,0.7984848484848485,/home/test/bupt_hjk/test_xrf55/result/train_norm_nosplit_repetition+activity_detection+csimodel,,79.84848484848484
XRF55,activity_detection,mlpmodel,ok,89.39393939393939,0.8318181818181818,/home/test/bupt_hjk/test_xrf55/result/train_norm_nosplit_repetition+activity_detection+mlpmodel,,83.18181818181817
XRF55,activity_detection,cnn1dmodel,ok,88.63636363636364,0.8212121212121212,/home/test/bupt_hjk/test_xrf55/result/train_norm_nosplit_repetition+activity_detection+cnn1dmodel,,82.12121212121211
XRF55,activity_detection,lstmmodel,ok,24.393939393939394,0.2106060606060606,/home/test/bupt_hjk/test_xrf55/result/train_norm_nosplit_repetition+activity_detection+lstmmodel,,21.06060606060606
XRF55,activity_detection,resnet1d,ok,90.9090909090909,0.8318181818181818,/home/test/bupt_hjk/test_xrf55/result/train_norm_nosplit_repetition+activity_detection+resnet1d,,83.18181818181817
XRF55,activity_detection,resnet2d,ok,86.66666666666667,0.7909090909090909,/home/test/bupt_hjk/test_xrf55/result/train_norm_nosplit_repetition+activity_detection+resnet2d,,79.0909090909091
XRF55,activity_detection,bilstmattention,ok,86.96969696969697,0.8151515151515152,/home/test/bupt_hjk/test_xrf55/result/train_norm_nosplit_repetition+activity_detection+bilstmattention,,81.51515151515152
XRF55,activity_detection,that,ok,80.75757575757575,0.7757575757575758,/home/test/bupt_hjk/test_xrf55/result/train_norm_nosplit_repetition+activity_detection+that,,77.57575757575758
XRF55,activity_detection,csitime,ok,88.93939393939394,0.8121212121212121,/home/test/bupt_hjk/test_xrf55/result/train_norm_nosplit_repetition+activity_detection+csitime,,81.21212121212122
XRF55,activity_detection,pa_csi,ok,84.39393939393939,0.7636363636363637,/home/test/bupt_hjk/test_xrf55/result/train_norm_nosplit_repetition+activity_detection+pa_csi,,76.36363636363637
XRF55,activity_detection,wiflexformer,ok,85.75757575757575,0.8015151515151515,/home/test/bupt_hjk/test_xrf55/result/train_norm_nosplit_repetition+activity_detection+wiflexformer,,80.15151515151516
XRF55,activity_detection,attentiongru,ok,59.84848484848485,0.5787878787878787,/home/test/bupt_hjk/test_xrf55/result/train_norm_nosplit_repetition+activity_detection+attentiongru,,57.878787878787875
XRF55,activity_detection,ei,ok,88.78787878787878,0.8469696969696969,/home/test/bupt_hjk/test_xrf55/result/train_norm_nosplit_repetition+activity_detection+ei,,84.69696969696969
XRF55,activity_detection,fewsense,ok,83.33333333333333,0.7833333333333333,/home/test/bupt_hjk/test_xrf55/result/train_norm_nosplit_repetition+activity_detection+fewsense,,78.33333333333333
XRF55,localization,cnn2dmodel,skipped,,,/home/test/bupt_hjk/test_xrf55/result/train_norm_nosplit_repetition+localization+cnn2dmodel,skipped_by_config,
XRF55,localization,efficientnetcsi,skipped,,,/home/test/bupt_hjk/test_xrf55/result/train_norm_nosplit_repetition+localization+efficientnetcsi,skipped_by_config,
XRF55,localization,visiontransformercsi,skipped,,,/home/test/bupt_hjk/test_xrf55/result/train_norm_nosplit_repetition+localization+visiontransformercsi,skipped_by_config,
XRF55,localization,mambacsi,skipped,,,/home/test/bupt_hjk/test_xrf55/result/train_norm_nosplit_repetition+localization+mambacsi,skipped_by_config,
XRF55,localization,graphneuralcsi,skipped,,,/home/test/bupt_hjk/test_xrf55/result/train_norm_nosplit_repetition+localization+graphneuralcsi,skipped_by_config,
XRF55,localization,csimodel,ok,87.42424242424242,0.8106060606060606,/home/test/bupt_hjk/test_xrf55/result/train_norm_nosplit_repetition+localization+csimodel,,81.06060606060606
XRF55,localization,mlpmodel,ok,86.36363636363636,0.8151515151515152,/home/test/bupt_hjk/test_xrf55/result/train_norm_nosplit_repetition+localization+mlpmodel,,81.51515151515152
XRF55,localization,cnn1dmodel,ok,83.48484848484848,0.7954545454545454,/home/test/bupt_hjk/test_xrf55/result/train_norm_nosplit_repetition+localization+cnn1dmodel,,79.54545454545455
XRF55,localization,lstmmodel,ok,22.12121212121212,0.2212121212121212,/home/test/bupt_hjk/test_xrf55/result/train_norm_nosplit_repetition+localization+lstmmodel,,22.121212121212118
XRF55,localization,resnet1d,ok,91.66666666666669,0.8409090909090909,/home/test/bupt_hjk/test_xrf55/result/train_norm_nosplit_repetition+localization+resnet1d,,84.0909090909091
XRF55,localization,resnet2d,ok,81.66666666666667,0.7439393939393939,/home/test/bupt_hjk/test_xrf55/result/train_norm_nosplit_repetition+localization+resnet2d,,74.39393939393939
XRF55,localization,bilstmattention,ok,86.66666666666667,0.7924242424242425,/home/test/bupt_hjk/test_xrf55/result/train_norm_nosplit_repetition+localization+bilstmattention,,79.24242424242425
XRF55,localization,that,ok,79.39393939393939,0.7772727272727272,/home/test/bupt_hjk/test_xrf55/result/train_norm_nosplit_repetition+localization+that,,77.72727272727272
XRF55,localization,csitime,ok,90.6060606060606,0.8257575757575758,/home/test/bupt_hjk/test_xrf55/result/train_norm_nosplit_repetition+localization+csitime,,82.57575757575758
XRF55,localization,pa_csi,ok,81.36363636363636,0.759090909090909,/home/test/bupt_hjk/test_xrf55/result/train_norm_nosplit_repetition+localization+pa_csi,,75.9090909090909
XRF55,localization,wiflexformer,ok,87.42424242424242,0.8090909090909091,/home/test/bupt_hjk/test_xrf55/result/train_norm_nosplit_repetition+localization+wiflexformer,,80.9090909090909
XRF55,localization,attentiongru,ok,66.66666666666667,0.5969696969696969,/home/test/bupt_hjk/test_xrf55/result/train_norm_nosplit_repetition+localization+attentiongru,,59.696969696969695
XRF55,localization,ei,ok,89.24242424242425,0.8348484848484848,/home/test/bupt_hjk/test_xrf55/result/train_norm_nosplit_repetition+localization+ei,,83.48484848484848
XRF55,localization,fewsense,ok,78.33333333333333,0.7560606060606061,/home/test/bupt_hjk/test_xrf55/result/train_norm_nosplit_repetition+localization+fewsense,,75.60606060606061
ElderAL,high_quality,csimodel,ok,73.40823970037454,0.6370370370370371,/home/test/bupt_hjk/test_elderAL/result/source_action_position+high_quality+csimodel,,63.70370370370371
ElderAL,high_quality,mlpmodel,ok,53.93258426966292,0.5666666666666667,/home/test/bupt_hjk/test_elderAL/result/source_action_position+high_quality+mlpmodel,,56.666666666666664
ElderAL,high_quality,cnn1dmodel,ok,64.7940074906367,0.5111111111111111,/home/test/bupt_hjk/test_elderAL/result/source_action_position+high_quality+cnn1dmodel,,51.11111111111111
ElderAL,high_quality,cnn2dmodel,ok,41.01123595505618,0.4185185185185185,/home/test/bupt_hjk/test_elderAL/result/source_action_position+high_quality+cnn2dmodel,,41.85185185185185
ElderAL,high_quality,lstmmodel,ok,17.228464419475657,0.1666666666666666,/home/test/bupt_hjk/test_elderAL/result/source_action_position+high_quality+lstmmodel,,16.66666666666666
ElderAL,high_quality,resnet1d,ok,83.70786516853933,0.7481481481481481,/home/test/bupt_hjk/test_elderAL/result/source_action_position+high_quality+resnet1d,,74.81481481481481
ElderAL,high_quality,resnet2d,ok,45.88014981273408,0.4703703703703704,/home/test/bupt_hjk/test_elderAL/result/source_action_position+high_quality+resnet2d,,47.03703703703704
ElderAL,high_quality,bilstmattention,ok,64.04494382022472,0.6222222222222222,/home/test/bupt_hjk/test_elderAL/result/source_action_position+high_quality+bilstmattention,,62.22222222222222
ElderAL,high_quality,efficientnetcsi,failed,,,/home/test/bupt_hjk/test_elderAL/result/source_action_position+high_quality+efficientnetcsi,"OutOfMemoryError('CUDA out of memory. Tried to allocate 840.00 MiB. GPU 0 has a total capacity of 79.25 GiB of which 291.25 MiB is free. Including non-PyTorch memory, this process has 78.95 GiB memory in use. Of the allocated memory 78.33 GiB is allocated by PyTorch, and 114.04 MiB is reserved by PyTorch but unallocated. If reserved but unallocated memory is large try setting PYTORCH_CUDA_ALLOC_CONF=expandable_segments:True to avoid fragmentation.  See documentation for Memory Management  (https://pytorch.org/docs/stable/notes/cuda.html#environment-variables)')",
ElderAL,high_quality,visiontransformercsi,failed,,,/home/test/bupt_hjk/test_elderAL/result/source_action_position+high_quality+visiontransformercsi,"OutOfMemoryError('CUDA out of memory. Tried to allocate 50.01 GiB. GPU 0 has a total capacity of 79.25 GiB of which 26.59 GiB is free. Including non-PyTorch memory, this process has 52.64 GiB memory in use. Of the allocated memory 52.04 GiB is allocated by PyTorch, and 91.96 MiB is reserved by PyTorch but unallocated. If reserved but unallocated memory is large try setting PYTORCH_CUDA_ALLOC_CONF=expandable_segments:True to avoid fragmentation.  See documentation for Memory Management  (https://pytorch.org/docs/stable/notes/cuda.html#environment-variables)')",
ElderAL,high_quality,mambacsi,ok,65.35580524344569,0.6555555555555556,/home/test/bupt_hjk/test_elderAL/result/source_action_position+high_quality+mambacsi,,65.55555555555556
ElderAL,high_quality,graphneuralcsi,ok,16.853932584269664,0.1666666666666666,/home/test/bupt_hjk/test_elderAL/result/source_action_position+high_quality+graphneuralcsi,,16.66666666666666
ElderAL,high_quality,that,ok,78.46441947565543,0.8,/home/test/bupt_hjk/test_elderAL/result/source_action_position+high_quality+that,,80.0
ElderAL,high_quality,csitime,ok,92.50936329588016,0.9148148148148147,/home/test/bupt_hjk/test_elderAL/result/source_action_position+high_quality+csitime,,91.48148148148148
ElderAL,high_quality,pa_csi,ok,71.16104868913858,0.7111111111111111,/home/test/bupt_hjk/test_elderAL/result/source_action_position+high_quality+pa_csi,,71.11111111111111
ElderAL,high_quality,wiflexformer,ok,80.1498127340824,0.7481481481481481,/home/test/bupt_hjk/test_elderAL/result/source_action_position+high_quality+wiflexformer,,74.81481481481481
ElderAL,high_quality,attentiongru,ok,88.95131086142322,0.7962962962962963,/home/test/bupt_hjk/test_elderAL/result/source_action_position+high_quality+attentiongru,,79.62962962962963
ElderAL,high_quality,ei,ok,75.84269662921348,0.6888888888888889,/home/test/bupt_hjk/test_elderAL/result/source_action_position+high_quality+ei,,68.88888888888889
ElderAL,high_quality,fewsense,ok,31.83520599250936,0.3148148148148148,/home/test/bupt_hjk/test_elderAL/result/source_action_position+high_quality+fewsense,,31.48148148148148
ElderAL,fast,csimodel,ok,69.10112359550561,0.6,/home/test/bupt_hjk/test_elderAL/result/source_action_position+fast+csimodel,,60.0
ElderAL,fast,mlpmodel,ok,50.18726591760299,0.5555555555555556,/home/test/bupt_hjk/test_elderAL/result/source_action_position+fast+mlpmodel,,55.55555555555556
ElderAL,fast,cnn1dmodel,ok,55.243445692883896,0.6444444444444445,/home/test/bupt_hjk/test_elderAL/result/source_action_position+fast+cnn1dmodel,,64.44444444444444
ElderAL,fast,cnn2dmodel,ok,43.07116104868914,0.4629629629629629,/home/test/bupt_hjk/test_elderAL/result/source_action_position+fast+cnn2dmodel,,46.29629629629629
ElderAL,fast,lstmmodel,ok,16.853932584269664,0.1666666666666666,/home/test/bupt_hjk/test_elderAL/result/source_action_position+fast+lstmmodel,,16.66666666666666
ElderAL,fast,resnet1d,ok,85.58052434456928,0.762962962962963,/home/test/bupt_hjk/test_elderAL/result/source_action_position+fast+resnet1d,,76.29629629629629
ElderAL,fast,resnet2d,ok,44.7565543071161,0.4666666666666667,/home/test/bupt_hjk/test_elderAL/result/source_action_position+fast+resnet2d,,46.666666666666664
ElderAL,fast,bilstmattention,ok,67.41573033707866,0.6074074074074074,/home/test/bupt_hjk/test_elderAL/result/source_action_position+fast+bilstmattention,,60.74074074074074
ElderAL,fast,efficientnetcsi,failed,,,/home/test/bupt_hjk/test_elderAL/result/source_action_position+fast+efficientnetcsi,"OutOfMemoryError('CUDA out of memory. Tried to allocate 840.00 MiB. GPU 0 has a total capacity of 79.25 GiB of which 311.25 MiB is free. Including non-PyTorch memory, this process has 78.93 GiB memory in use. Of the allocated memory 78.33 GiB is allocated by PyTorch, and 94.04 MiB is reserved by PyTorch but unallocated. If reserved but unallocated memory is large try setting PYTORCH_CUDA_ALLOC_CONF=expandable_segments:True to avoid fragmentation.  See documentation for Memory Management  (https://pytorch.org/docs/stable/notes/cuda.html#environment-variables)')",
ElderAL,fast,visiontransformercsi,failed,,,/home/test/bupt_hjk/test_elderAL/result/source_action_position+fast+visiontransformercsi,"OutOfMemoryError('CUDA out of memory. Tried to allocate 50.01 GiB. GPU 0 has a total capacity of 79.25 GiB of which 26.59 GiB is free. Including non-PyTorch memory, this process has 52.64 GiB memory in use. Of the allocated memory 52.04 GiB is allocated by PyTorch, and 91.96 MiB is reserved by PyTorch but unallocated. If reserved but unallocated memory is large try setting PYTORCH_CUDA_ALLOC_CONF=expandable_segments:True to avoid fragmentation.  See documentation for Memory Management  (https://pytorch.org/docs/stable/notes/cuda.html#environment-variables)')",
ElderAL,fast,mambacsi,ok,69.28838951310861,0.7777777777777778,/home/test/bupt_hjk/test_elderAL/result/source_action_position+fast+mambacsi,,77.77777777777779
ElderAL,fast,graphneuralcsi,ok,16.853932584269664,0.1666666666666666,/home/test/bupt_hjk/test_elderAL/result/source_action_position+fast+graphneuralcsi,,16.66666666666666
ElderAL,fast,that,ok,74.90636704119851,0.7777777777777778,/home/test/bupt_hjk/test_elderAL/result/source_action_position+fast+that,,77.77777777777779
ElderAL,fast,csitime,ok,85.3932584269663,0.825925925925926,/home/test/bupt_hjk/test_elderAL/result/source_action_position+fast+csitime,,82.5925925925926
ElderAL,fast,pa_csi,ok,80.71161048689139,0.7222222222222222,/home/test/bupt_hjk/test_elderAL/result/source_action_position+fast+pa_csi,,72.22222222222221
ElderAL,fast,wiflexformer,ok,77.34082397003745,0.737037037037037,/home/test/bupt_hjk/test_elderAL/result/source_action_position+fast+wiflexformer,,73.70370370370371
ElderAL,fast,attentiongru,ok,84.08239700374531,0.7962962962962963,/home/test/bupt_hjk/test_elderAL/result/source_action_position+fast+attentiongru,,79.62962962962963
ElderAL,fast,ei,ok,65.54307116104869,0.5888888888888889,/home/test/bupt_hjk/test_elderAL/result/source_action_position+fast+ei,,58.88888888888889
ElderAL,fast,fewsense,ok,31.64794007490637,0.3333333333333333,/home/test/bupt_hjk/test_elderAL/result/source_action_position+fast+fewsense,,33.33333333333333
ElderAL,robust,csimodel,ok,64.04494382022472,0.6,/home/test/bupt_hjk/test_elderAL/result/source_action_position+robust+csimodel,,60.0
ElderAL,robust,mlpmodel,ok,47.752808988764045,0.5148148148148148,/home/test/bupt_hjk/test_elderAL/result/source_action_position+robust+mlpmodel,,51.48148148148148
ElderAL,robust,cnn1dmodel,ok,58.42696629213483,0.5777777777777777,/home/test/bupt_hjk/test_elderAL/result/source_action_position+robust+cnn1dmodel,,57.77777777777777
ElderAL,robust,cnn2dmodel,ok,46.441947565543074,0.437037037037037,/home/test/bupt_hjk/test_elderAL/result/source_action_position+robust+cnn2dmodel,,43.7037037037037
ElderAL,robust,lstmmodel,ok,16.853932584269664,0.1666666666666666,/home/test/bupt_hjk/test_elderAL/result/source_action_position+robust+lstmmodel,,16.66666666666666
ElderAL,robust,resnet1d,ok,75.65543071161049,0.7111111111111111,/home/test/bupt_hjk/test_elderAL/result/source_action_position+robust+resnet1d,,71.11111111111111
ElderAL,robust,resnet2d,ok,44.38202247191011,0.4296296296296296,/home/test/bupt_hjk/test_elderAL/result/source_action_position+robust+resnet2d,,42.96296296296296
ElderAL,robust,bilstmattention,ok,58.80149812734082,0.5851851851851851,/home/test/bupt_hjk/test_elderAL/result/source_action_position+robust+bilstmattention,,58.51851851851851
ElderAL,robust,efficientnetcsi,failed,,,/home/test/bupt_hjk/test_elderAL/result/source_action_position+robust+efficientnetcsi,"OutOfMemoryError('CUDA out of memory. Tried to allocate 840.00 MiB. GPU 0 has a total capacity of 79.25 GiB of which 311.25 MiB is free. Including non-PyTorch memory, this process has 78.93 GiB memory in use. Of the allocated memory 78.33 GiB is allocated by PyTorch, and 94.04 MiB is reserved by PyTorch but unallocated. If reserved but unallocated memory is large try setting PYTORCH_CUDA_ALLOC_CONF=expandable_segments:True to avoid fragmentation.  See documentation for Memory Management  (https://pytorch.org/docs/stable/notes/cuda.html#environment-variables)')",
ElderAL,robust,visiontransformercsi,failed,,,/home/test/bupt_hjk/test_elderAL/result/source_action_position+robust+visiontransformercsi,"OutOfMemoryError('CUDA out of memory. Tried to allocate 50.01 GiB. GPU 0 has a total capacity of 79.25 GiB of which 26.59 GiB is free. Including non-PyTorch memory, this process has 52.64 GiB memory in use. Of the allocated memory 52.04 GiB is allocated by PyTorch, and 91.96 MiB is reserved by PyTorch but unallocated. If reserved but unallocated memory is large try setting PYTORCH_CUDA_ALLOC_CONF=expandable_segments:True to avoid fragmentation.  See documentation for Memory Management  (https://pytorch.org/docs/stable/notes/cuda.html#environment-variables)')",
ElderAL,robust,mambacsi,ok,68.72659176029963,0.6555555555555556,/home/test/bupt_hjk/test_elderAL/result/source_action_position+robust+mambacsi,,65.55555555555556
ElderAL,robust,graphneuralcsi,ok,20.0374531835206,0.1925925925925926,/home/test/bupt_hjk/test_elderAL/result/source_action_position+robust+graphneuralcsi,,19.25925925925926
ElderAL,robust,that,ok,74.90636704119851,0.7592592592592593,/home/test/bupt_hjk/test_elderAL/result/source_action_position+robust+that,,75.92592592592592
ElderAL,robust,csitime,ok,88.20224719101124,0.8555555555555555,/home/test/bupt_hjk/test_elderAL/result/source_action_position+robust+csitime,,85.55555555555556
ElderAL,robust,pa_csi,ok,76.96629213483146,0.7333333333333333,/home/test/bupt_hjk/test_elderAL/result/source_action_position+robust+pa_csi,,73.33333333333333
ElderAL,robust,wiflexformer,ok,80.33707865168539,0.7296296296296296,/home/test/bupt_hjk/test_elderAL/result/source_action_position+robust+wiflexformer,,72.96296296296296
ElderAL,robust,attentiongru,ok,82.77153558052434,0.7407407407407407,/home/test/bupt_hjk/test_elderAL/result/source_action_position+robust+attentiongru,,74.07407407407408
ElderAL,robust,ei,ok,78.08988764044943,0.6962962962962963,/home/test/bupt_hjk/test_elderAL/result/source_action_position+robust+ei,,69.62962962962963
ElderAL,robust,fewsense,ok,32.77153558052434,0.3148148148148148,/home/test/bupt_hjk/test_elderAL/result/source_action_position+robust+fewsense,,31.48148148148148
ElderAL,gesture_recognition,csimodel,ok,76.59176029962546,0.7296296296296296,/home/test/bupt_hjk/test_elderAL/result/source_action_position+gesture_recognition+csimodel,,72.96296296296296
ElderAL,gesture_recognition,mlpmodel,ok,73.40823970037454,0.7074074074074074,/home/test/bupt_hjk/test_elderAL/result/source_action_position+gesture_recognition+mlpmodel,,70.74074074074073
ElderAL,gesture_recognition,cnn1dmodel,ok,76.21722846441948,0.8333333333333334,/home/test/bupt_hjk/test_elderAL/result/source_action_position+gesture_recognition+cnn1dmodel,,83.33333333333334
ElderAL,gesture_recognition,cnn2dmodel,ok,36.89138576779026,0.362962962962963,/home/test/bupt_hjk/test_elderAL/result/source_action_position+gesture_recognition+cnn2dmodel,,36.2962962962963
ElderAL,gesture_recognition,lstmmodel,ok,17.228464419475657,0.1666666666666666,/home/test/bupt_hjk/test_elderAL/result/source_action_position+gesture_recognition+lstmmodel,,16.66666666666666
ElderAL,gesture_recognition,resnet1d,ok,82.02247191011236,0.7111111111111111,/home/test/bupt_hjk/test_elderAL/result/source_action_position+gesture_recognition+resnet1d,,71.11111111111111
ElderAL,gesture_recognition,resnet2d,ok,85.0187265917603,0.8074074074074075,/home/test/bupt_hjk/test_elderAL/result/source_action_position+gesture_recognition+resnet2d,,80.74074074074075
ElderAL,gesture_recognition,bilstmattention,ok,60.674157303370784,0.5185185185185185,/home/test/bupt_hjk/test_elderAL/result/source_action_position+gesture_recognition+bilstmattention,,51.85185185185185
ElderAL,gesture_recognition,efficientnetcsi,ok,77.90262172284645,0.737037037037037,/home/test/bupt_hjk/test_elderAL/result/source_action_position+gesture_recognition+efficientnetcsi,,73.70370370370371
ElderAL,gesture_recognition,visiontransformercsi,ok,67.41573033707866,0.6074074074074074,/home/test/bupt_hjk/test_elderAL/result/source_action_position+gesture_recognition+visiontransformercsi,,60.74074074074074
ElderAL,gesture_recognition,mambacsi,ok,74.90636704119851,0.6518518518518519,/home/test/bupt_hjk/test_elderAL/result/source_action_position+gesture_recognition+mambacsi,,65.18518518518519
ElderAL,gesture_recognition,graphneuralcsi,ok,17.228464419475657,0.174074074074074,/home/test/bupt_hjk/test_elderAL/result/source_action_position+gesture_recognition+graphneuralcsi,,17.407407407407398
ElderAL,gesture_recognition,that,ok,80.71161048689139,0.7222222222222222,/home/test/bupt_hjk/test_elderAL/result/source_action_position+gesture_recognition+that,,72.22222222222221
ElderAL,gesture_recognition,csitime,ok,86.51685393258427,0.8296296296296296,/home/test/bupt_hjk/test_elderAL/result/source_action_position+gesture_recognition+csitime,,82.96296296296296
ElderAL,gesture_recognition,pa_csi,ok,75.09363295880149,0.7111111111111111,/home/test/bupt_hjk/test_elderAL/result/source_action_position+gesture_recognition+pa_csi,,71.11111111111111
ElderAL,gesture_recognition,wiflexformer,ok,59.550561797752806,0.6111111111111112,/home/test/bupt_hjk/test_elderAL/result/source_action_position+gesture_recognition+wiflexformer,,61.111111111111114
ElderAL,gesture_recognition,attentiongru,ok,59.737827715355806,0.4925925925925926,/home/test/bupt_hjk/test_elderAL/result/source_action_position+gesture_recognition+attentiongru,,49.25925925925926
ElderAL,gesture_recognition,ei,ok,75.28089887640449,0.7296296296296296,/home/test/bupt_hjk/test_elderAL/result/source_action_position+gesture_recognition+ei,,72.96296296296296
ElderAL,gesture_recognition,fewsense,ok,57.11610486891386,0.6148148148148148,/home/test/bupt_hjk/test_elderAL/result/source_action_position+gesture_recognition+fewsense,,61.48148148148148
ElderAL,activity_detection,csimodel,ok,65.91760299625469,0.5666666666666667,/home/test/bupt_hjk/test_elderAL/result/source_action_position+activity_detection+csimodel,,56.666666666666664
ElderAL,activity_detection,mlpmodel,ok,46.25468164794008,0.5592592592592592,/home/test/bupt_hjk/test_elderAL/result/source_action_position+activity_detection+mlpmodel,,55.925925925925924
ElderAL,activity_detection,cnn1dmodel,ok,55.43071161048689,0.5222222222222223,/home/test/bupt_hjk/test_elderAL/result/source_action_position+activity_detection+cnn1dmodel,,52.22222222222223
ElderAL,activity_detection,cnn2dmodel,ok,38.20224719101124,0.4111111111111111,/home/test/bupt_hjk/test_elderAL/result/source_action_position+activity_detection+cnn2dmodel,,41.11111111111111
ElderAL,activity_detection,lstmmodel,ok,17.04119850187266,0.1666666666666666,/home/test/bupt_hjk/test_elderAL/result/source_action_position+activity_detection+lstmmodel,,16.66666666666666
ElderAL,activity_detection,resnet1d,ok,82.20973782771536,0.762962962962963,/home/test/bupt_hjk/test_elderAL/result/source_action_position+activity_detection+resnet1d,,76.29629629629629
ElderAL,activity_detection,resnet2d,ok,44.00749063670412,0.3888888888888889,/home/test/bupt_hjk/test_elderAL/result/source_action_position+activity_detection+resnet2d,,38.88888888888889
ElderAL,activity_detection,bilstmattention,ok,62.546816479400746,0.6,/home/test/bupt_hjk/test_elderAL/result/source_action_position+activity_detection+bilstmattention,,60.0
ElderAL,activity_detection,efficientnetcsi,failed,,,/home/test/bupt_hjk/test_elderAL/result/source_action_position+activity_detection+efficientnetcsi,"OutOfMemoryError('CUDA out of memory. Tried to allocate 840.00 MiB. GPU 0 has a total capacity of 79.25 GiB of which 311.25 MiB is free. Including non-PyTorch memory, this process has 78.93 GiB memory in use. Of the allocated memory 78.33 GiB is allocated by PyTorch, and 94.04 MiB is reserved by PyTorch but unallocated. If reserved but unallocated memory is large try setting PYTORCH_CUDA_ALLOC_CONF=expandable_segments:True to avoid fragmentation.  See documentation for Memory Management  (https://pytorch.org/docs/stable/notes/cuda.html#environment-variables)')",
ElderAL,activity_detection,visiontransformercsi,failed,,,/home/test/bupt_hjk/test_elderAL/result/source_action_position+activity_detection+visiontransformercsi,"OutOfMemoryError('CUDA out of memory. Tried to allocate 50.01 GiB. GPU 0 has a total capacity of 79.25 GiB of which 26.59 GiB is free. Including non-PyTorch memory, this process has 52.64 GiB memory in use. Of the allocated memory 52.04 GiB is allocated by PyTorch, and 91.96 MiB is reserved by PyTorch but unallocated. If reserved but unallocated memory is large try setting PYTORCH_CUDA_ALLOC_CONF=expandable_segments:True to avoid fragmentation.  See documentation for Memory Management  (https://pytorch.org/docs/stable/notes/cuda.html#environment-variables)')",
ElderAL,activity_detection,mambacsi,ok,71.16104868913858,0.6962962962962963,/home/test/bupt_hjk/test_elderAL/result/source_action_position+activity_detection+mambacsi,,69.62962962962963
ElderAL,activity_detection,graphneuralcsi,ok,16.853932584269664,0.1666666666666666,/home/test/bupt_hjk/test_elderAL/result/source_action_position+activity_detection+graphneuralcsi,,16.66666666666666
ElderAL,activity_detection,that,ok,74.34456928838951,0.7185185185185186,/home/test/bupt_hjk/test_elderAL/result/source_action_position+activity_detection+that,,71.85185185185186
ElderAL,activity_detection,csitime,ok,88.38951310861424,0.8740740740740741,/home/test/bupt_hjk/test_elderAL/result/source_action_position+activity_detection+csitime,,87.4074074074074
ElderAL,activity_detection,pa_csi,ok,79.40074906367042,0.7111111111111111,/home/test/bupt_hjk/test_elderAL/result/source_action_position+activity_detection+pa_csi,,71.11111111111111
ElderAL,activity_detection,wiflexformer,ok,78.08988764044943,0.7222222222222222,/home/test/bupt_hjk/test_elderAL/result/source_action_position+activity_detection+wiflexformer,,72.22222222222221
ElderAL,activity_detection,attentiongru,ok,83.33333333333333,0.7851851851851852,/home/test/bupt_hjk/test_elderAL/result/source_action_position+activity_detection+attentiongru,,78.51851851851852
ElderAL,activity_detection,ei,ok,64.04494382022472,0.7222222222222222,/home/test/bupt_hjk/test_elderAL/result/source_action_position+activity_detection+ei,,72.22222222222221
ElderAL,activity_detection,fewsense,ok,30.711610486891384,0.3407407407407407,/home/test/bupt_hjk/test_elderAL/result/source_action_position+activity_detection+fewsense,,34.07407407407407
ElderAL,localization,csimodel,ok,71.53558052434457,0.6518518518518519,/home/test/bupt_hjk/test_elderAL/result/source_action_position+localization+csimodel,,65.18518518518519
ElderAL,localization,mlpmodel,ok,73.22097378277154,0.6851851851851852,/home/test/bupt_hjk/test_elderAL/result/source_action_position+localization+mlpmodel,,68.51851851851852
ElderAL,localization,cnn1dmodel,ok,69.66292134831461,0.5592592592592592,/home/test/bupt_hjk/test_elderAL/result/source_action_position+localization+cnn1dmodel,,55.925925925925924
ElderAL,localization,cnn2dmodel,ok,41.19850187265918,0.3851851851851852,/home/test/bupt_hjk/test_elderAL/result/source_action_position+localization+cnn2dmodel,,38.51851851851852
ElderAL,localization,lstmmodel,ok,16.853932584269664,0.1666666666666666,/home/test/bupt_hjk/test_elderAL/result/source_action_position+localization+lstmmodel,,16.66666666666666
ElderAL,localization,resnet1d,ok,79.21348314606742,0.737037037037037,/home/test/bupt_hjk/test_elderAL/result/source_action_position+localization+resnet1d,,73.70370370370371
ElderAL,localization,resnet2d,ok,67.41573033707866,0.7,/home/test/bupt_hjk/test_elderAL/result/source_action_position+localization+resnet2d,,70.0
ElderAL,localization,bilstmattention,ok,60.29962546816479,0.5518518518518518,/home/test/bupt_hjk/test_elderAL/result/source_action_position+localization+bilstmattention,,55.18518518518518
ElderAL,localization,efficientnetcsi,ok,65.54307116104869,0.6518518518518519,/home/test/bupt_hjk/test_elderAL/result/source_action_position+localization+efficientnetcsi,,65.18518518518519
ElderAL,localization,visiontransformercsi,ok,56.55430711610487,0.4962962962962963,/home/test/bupt_hjk/test_elderAL/result/source_action_position+localization+visiontransformercsi,,49.629629629629626
ElderAL,localization,mambacsi,ok,78.46441947565543,0.7074074074074074,/home/test/bupt_hjk/test_elderAL/result/source_action_position+localization+mambacsi,,70.74074074074073
ElderAL,localization,graphneuralcsi,ok,16.853932584269664,0.1666666666666666,/home/test/bupt_hjk/test_elderAL/result/source_action_position+localization+graphneuralcsi,,16.66666666666666
ElderAL,localization,that,ok,81.27340823970037,0.7851851851851852,/home/test/bupt_hjk/test_elderAL/result/source_action_position+localization+that,,78.51851851851852
ElderAL,localization,csitime,ok,88.20224719101124,0.8814814814814815,/home/test/bupt_hjk/test_elderAL/result/source_action_position+localization+csitime,,88.14814814814815
ElderAL,localization,pa_csi,ok,77.52808988764045,0.7407407407407407,/home/test/bupt_hjk/test_elderAL/result/source_action_position+localization+pa_csi,,74.07407407407408
ElderAL,localization,wiflexformer,ok,72.28464419475655,0.6333333333333333,/home/test/bupt_hjk/test_elderAL/result/source_action_position+localization+wiflexformer,,63.33333333333333
ElderAL,localization,attentiongru,ok,74.15730337078652,0.662962962962963,/home/test/bupt_hjk/test_elderAL/result/source_action_position+localization+attentiongru,,66.2962962962963
ElderAL,localization,ei,ok,81.46067415730337,0.8222222222222222,/home/test/bupt_hjk/test_elderAL/result/source_action_position+localization+ei,,82.22222222222221
ElderAL,localization,fewsense,ok,36.14232209737828,0.3592592592592593,/home/test/bupt_hjk/test_elderAL/result/source_action_position+localization+fewsense,,35.92592592592593
